modified_Smelly_Classes,classsize,classtype,BugsafterSmells,BugsbeforeSmells,fixingcommits,codechurn,commitsexhibiting,v2.0.2,v2.0.6,v2.1.3,v2.1.4,v2.2.3,v2.2.4,v2.3.9,v2.3.10,v2.5.0,v2.5.4,v2.5.6,v2.5.7,v2.6.11,v2.7.8,v2.8.8,v2.9.1,v2.9.3,v2.10.9,v2.10.14,v2.10.17,v2.10.19,v3.1.6,v3.3.4,v3.4.8,v3.5.3,v3.6.2
lib/Cake/Controller/Component/AuthComponent.php,1030,Large,31,5,3,74,3,0,0,0,0,0,0,41,0,0,0,6,0,0,0,27,0,0,0,0,0,0,0,0,0,0,0
lib/Cake/Controller/Component/RequestHandlerComponent.php,763,Large,10,1,1,10,1,0,0,0,0,0,0,0,0,0,0,0,0,10,0,0,0,0,0,0,0,0,0,0,0,0,0
lib/Cake/Error/ExceptionRenderer.php,398,Large,17,1,1,29,1,0,0,0,0,0,0,0,0,29,0,0,0,0,0,0,0,0,0,0,0,0,0,0,0,0,0
lib/Cake/Model/Datasource/Database/Sqlite.php,120,Medium,21,2,1,25,1,0,0,0,0,0,0,0,0,0,0,0,25,0,0,0,0,0,0,0,0,0,0,0,0,0,0
lib/Cake/Network/CakeResponse.php,683,Large,27,6,4,298,4,0,0,0,0,0,0,153,0,78,0,0,0,35,0,0,0,0,0,32,0,0,0,0,0,0,0
lib/Cake/Test/Case/Console/ConsoleOutputTest.php,308,Large,0,0,0,0,0,0,0,0,0,0,0,0,0,0,0,0,0,0,0,0,0,0,0,0,0,0,0,0,0,0,0
/Test/Case/Controller/Component/RequestHandlerComponentTest.php,1504,Large,13,1,1,134,1,0,0,0,0,0,0,0,0,0,134,0,0,0,0,0,0,0,0,0,0,0,0,0,0,0,0
lib/Cake/Test/Case/Error/ExceptionRendererTest.php,935,Large,13,0,0,0,0,0,0,0,0,0,0,0,0,0,0,0,0,0,0,0,0,0,0,0,0,0,0,0,0,0,0
lib/Cake/TestSuite/ControllerTestCase.php,437,Large,14,2,2,51,2,0,0,0,0,0,0,39,0,0,0,0,0,0,0,12,0,0,0,0,0,0,0,0,0,0,0
lib/Cake/View/Helper/CacheHelper.php,341,Large,3,0,0,0,0,0,0,0,0,0,0,0,0,0,0,0,0,0,0,0,0,0,0,0,0,0,0,0,0,0,0
lib/Cake/basics.php,757,Large,10,0,0,0,0,0,0,0,0,0,0,0,0,0,0,0,0,0,0,0,0,0,0,0,0,0,0,0,0,0,0
lib/Cake/Console/Command/AclShell.php,619,Large,11,1,1,22,1,0,0,0,0,0,0,0,0,22,0,0,0,0,0,0,0,0,0,0,0,0,0,0,0,0,0
lib/Cake/Console/Command/SchemaShell.php,573,Large,27,3,3,271,3,0,71,0,0,0,0,191,0,9,0,0,0,0,0,0,0,0,0,0,0,0,0,0,0,0,0
lib/Cake/Console/Command/Task/ControllerTask.php,508,Large,21,2,1,42,1,0,0,0,0,0,0,0,0,42,0,0,0,0,0,0,0,0,0,0,0,0,0,0,0,0,0
lib/Cake/Console/Command/Task/DbConfigTask.php,385,Large,5,0,0,0,0,0,0,0,0,0,0,0,0,0,0,0,0,0,0,0,0,0,0,0,0,0,0,0,0,0,0
lib/Cake/Console/Command/Task/FixtureTask.php,421,Large,11,0,0,0,0,0,0,0,0,0,0,0,0,0,0,0,0,0,0,0,0,0,0,0,0,0,0,0,0,0,0
lib/Cake/Console/Command/Task/ModelTask.php,1057,Large,22,2,2,64,2,0,0,0,0,28,0,36,0,0,0,0,0,0,0,0,0,0,0,0,0,0,0,0,0,0,0
lib/Cake/Console/Command/Task/ViewTask.php,468,Large,6,0,0,0,0,0,0,0,0,0,0,0,0,0,0,0,0,0,0,0,0,0,0,0,0,0,0,0,0,0,0
lib/Cake/Console/Command/UpgradeShell.php,861,Large,10,1,1,70,1,0,70,0,0,0,0,0,0,0,0,0,0,0,0,0,0,0,0,0,0,0,0,0,0,0,0
lib/Cake/Console/ConsoleOptionParser.php,651,Large,1,0,0,0,0,0,0,0,0,0,0,0,0,0,0,0,0,0,0,0,0,0,0,0,0,0,0,0,0,0,0
lib/Cake/Console/Shell.php,619,Large,6,0,0,0,0,0,0,0,0,0,0,0,0,0,0,0,0,0,0,0,0,0,0,0,0,0,0,0,0,0,0
lib/Cake/Controller/Component/EmailComponent.php,465,Large,8,0,0,0,0,0,0,0,0,0,0,0,0,0,0,0,0,0,0,0,0,0,0,0,0,0,0,0,0,0,0
lib/Cake/Controller/Component/PaginatorComponent.php,421,Large,12,2,2,23,2,0,0,0,6,0,0,17,0,0,0,0,0,0,0,0,0,0,0,0,0,0,0,0,0,0,0
lib/Cake/Controller/Component/SecurityComponent.php,668,Large,18,1,1,9,1,0,0,0,9,0,0,0,0,0,0,0,0,0,0,0,0,0,0,0,0,0,0,0,0,0,0
lib/Cake/Controller/Controller.php,866,Large,28,3,2,63,2,0,0,0,0,0,0,41,0,0,0,0,0,0,0,22,0,0,0,0,0,0,0,0,0,0,0
lib/Cake/Core/App.php,934,Large,19,2,2,186,2,0,0,160,0,0,0,0,0,0,0,0,0,26,0,0,0,0,0,0,0,0,0,0,0,0,0
lib/Cake/Core/Configure.php,450,Large,14,2,1,59,2,0,0,59,0,0,0,0,0,0,0,0,0,0,0,0,0,0,0,0,0,0,0,0,0,0,0
lib/Cake/Error/ErrorHandler.php,214,Medium,7,1,1,34,1,0,0,0,0,0,0,0,0,0,0,0,0,34,0,0,0,0,0,0,0,0,0,0,0,0,0
lib/Cake/Model/AclNode.php,182,Medium,6,1,1,21,1,0,0,0,0,0,0,0,0,0,21,0,0,0,0,0,0,0,0,0,0,0,0,0,0,0,0
lib/Cake/Model/Behavior/TranslateBehavior.php,617,Large,28,6,4,392,4,0,145,182,0,47,0,0,0,18,0,0,0,0,0,0,0,0,0,0,0,0,0,0,0,0,0
lib/Cake/Model/BehaviorCollection.php,296,Medium,6,1,1,21,1,0,0,0,0,0,0,0,0,0,0,0,0,0,0,0,0,0,21,0,0,0,0,0,0,0,0
lib/Cake/Model/Datasource/CakeSession.php,748,Large,41,6,2,65,3,0,0,0,0,0,0,0,0,0,0,0,0,0,0,33,0,0,32,0,0,0,0,0,0,0,0
lib/Cake/Model/Datasource/Database/Postgres.php,131,Medium,31,3,3,67,3,0,0,0,0,0,0,0,0,0,0,0,28,0,0,23,16,0,0,0,0,0,0,0,0,0,0
lib/Cake/Model/Datasource/Database/Sqlserver.php,784,Large,26,3,2,155,2,0,0,41,0,0,0,0,0,114,0,0,0,0,0,0,0,0,0,0,0,0,0,0,0,0,0
lib/Cake/Model/Datasource/DboSource.php,3156,Large,81,10,6,209,6,0,0,0,0,19,0,53,0,31,0,0,0,0,13,0,72,0,0,21,0,0,0,0,0,0,0
lib/Cake/Model/Model.php,3925,Large,93,10,5,974,5,0,15,428,0,0,0,434,0,30,0,67,0,0,0,0,0,0,0,0,0,0,0,0,0,0,0
lib/Cake/Network/CakeRequest.php,1026,Large,46,14,4,109,7,0,0,38,0,0,0,17,0,10,0,0,0,0,0,44,0,0,0,0,0,0,0,0,0,0,0
lib/Cake/Network/Email/CakeEmail.php,1758,Large,54,7,2,1757,3,0,1599,0,0,0,0,0,0,0,158,0,0,0,0,0,0,0,0,0,0,0,0,0,0,0,0
lib/Cake/Network/Http/HttpSocket.php,1032,Large,17,0,0,0,0,0,0,0,0,0,0,0,0,0,0,0,0,0,0,0,0,0,0,0,0,0,0,0,0,0,0
lib/Cake/Routing/Route/CakeRoute.php,549,Large,23,14,2,54,5,0,0,0,0,0,0,0,0,32,22,0,0,0,0,0,0,0,0,0,0,0,0,0,0,0,0
lib/Cake/Routing/Router.php,1273,Large,18,1,1,70,1,0,0,0,0,0,0,0,0,0,0,0,0,0,0,0,0,0,70,0,0,0,0,0,0,0,0
lib/Cake/Test/Case/Cache/Engine/FileEngineTest.php,553,Large,10,2,1,23,1,0,0,0,0,0,0,23,0,0,0,0,0,0,0,0,0,0,0,0,0,0,0,0,0,0,0
lib/Cake/Test/Case/Console/Command/Task/FixtureTaskTest.php,453,Large,2,0,0,0,0,0,0,0,0,0,0,0,0,0,0,0,0,0,0,0,0,0,0,0,0,0,0,0,0,0,0
lib/Cake/Test/Case/Console/ConsoleOptionParserTest.php,646,Large,2,0,0,0,0,0,0,0,0,0,0,0,0,0,0,0,0,0,0,0,0,0,0,0,0,0,0,0,0,0,0
lib/Cake/Test/Case/Controller/Component/EmailComponentTest.php,884,Large,14,2,1,150,1,0,150,0,0,0,0,0,0,0,0,0,0,0,0,0,0,0,0,0,0,0,0,0,0,0,0
lib/Cake/Test/Case/Controller/Component/PaginatorComponentTest.php,1194,Large,23,6,3,89,4,0,0,0,20,0,0,34,0,35,0,0,0,0,0,0,0,0,0,0,0,0,0,0,0,0,0
lib/Cake/Test/Case/Controller/Component/SecurityComponentTest.php,1987,Large,19,3,1,61,1,0,0,0,0,0,0,0,0,0,0,0,0,0,0,61,0,0,0,0,0,0,0,0,0,0,0
lib/Cake/Test/Case/Controller/ControllerTest.php,1489,Large,18,1,1,6,1,0,6,0,0,0,0,0,0,0,0,0,0,0,0,0,0,0,0,0,0,0,0,0,0,0,0
lib/Cake/Test/Case/Core/ConfigureTest.php,484,Large,9,2,2,60,2,0,0,46,0,0,0,0,0,0,0,0,0,0,0,0,0,0,14,0,0,0,0,0,0,0,0
lib/Cake/Test/Case/Model/Behavior/TranslateBehaviorTest.php,1018,Large,13,5,3,675,3,0,0,330,0,0,0,0,0,41,0,0,0,0,0,0,0,0,304,0,0,0,0,0,0,0,0
lib/Cake/Test/Case/Model/BehaviorCollectionTest.php,1268,Large,14,0,0,0,0,0,0,0,0,0,0,0,0,0,0,0,0,0,0,0,0,0,0,0,0,0,0,0,0,0,0
lib/Cake/Test/Case/Model/Datasource/Database/PostgresTest.php,945,Large,16,3,2,68,2,0,0,37,0,0,0,31,0,0,0,0,0,0,0,0,0,0,0,0,0,0,0,0,0,0,0
lib/Cake/Test/Case/Model/Datasource/Database/SqlserverTest.php,695,Large,17,1,1,31,1,0,0,31,0,0,0,0,0,0,0,0,0,0,0,0,0,0,0,0,0,0,0,0,0,0,0
lib/Cake/Test/Case/Model/Datasource/DboSourceTest.php,1860,Large,11,4,3,216,3,0,163,0,0,0,0,0,0,21,0,0,0,0,0,0,0,32,0,0,0,0,0,0,0,0,0
lib/Cake/Test/Case/Model/ModelIntegrationTest.php,2513,Large,14,3,2,280,2,0,263,0,0,0,0,0,0,17,0,0,0,0,0,0,0,0,0,0,0,0,0,0,0,0,0
lib/Cake/Test/Case/Model/ModelValidationTest.php,764,Large,7,1,1,12,1,0,0,0,0,0,0,0,0,0,0,0,0,0,0,0,0,0,12,0,0,0,0,0,0,0,0
lib/Cake/Test/Case/Model/ModelWriteTest.php,8306,Large,55,15,5,1867,6,0,574,987,0,0,0,0,0,160,0,0,0,0,41,105,0,0,0,0,0,0,0,0,0,0,0
lib/Cake/Test/Case/Network/CakeRequestTest.php,2516,Large,28,12,4,297,5,0,38,15,0,0,0,205,0,0,0,0,0,0,0,39,0,0,0,0,0,0,0,0,0,0,0
lib/Cake/Test/Case/Network/Email/CakeEmailTest.php,1499,Large,41,6,4,262,4,0,60,63,0,0,0,78,0,0,0,0,0,0,0,0,0,0,61,0,0,0,0,0,0,0,0
lib/Cake/Test/Case/Network/Http/HttpSocketTest.php,1826,Large,30,3,2,68,2,0,0,0,0,0,0,39,0,0,0,0,0,0,0,0,0,0,29,0,0,0,0,0,0,0,0
lib/Cake/Test/Case/Routing/DispatcherTest.php,1728,Large,15,1,1,209,1,0,0,209,0,0,0,0,0,0,0,0,0,0,0,0,0,0,0,0,0,0,0,0,0,0,0
lib/Cake/Test/Case/Routing/Route/CakeRouteTest.php,980,Large,8,4,2,159,2,0,0,30,0,0,0,0,0,129,0,0,0,0,0,0,0,0,0,0,0,0,0,0,0,0,0
lib/Cake/Test/Case/Routing/RouterTest.php,2741,Large,9,2,1,24,1,0,0,0,0,0,0,0,0,0,0,0,0,0,0,0,0,0,24,0,0,0,0,0,0,0,0
lib/Cake/Test/Case/Utility/InflectorTest.php,672,Large,2,1,1,8,1,0,0,0,0,0,8,0,0,0,0,0,0,0,0,0,0,0,0,0,0,0,0,0,0,0,0
lib/Cake/Test/Case/Utility/ValidationTest.php,2911,Large,24,5,3,155,3,0,0,18,0,112,0,0,0,0,0,0,0,0,0,25,0,0,0,0,0,0,0,0,0,0,0
lib/Cake/Test/Case/View/Helper/HtmlHelperTest.php,1535,Large,5,2,1,22,2,0,0,22,0,0,0,0,0,0,0,0,0,0,0,0,0,0,0,0,0,0,0,0,0,0,0
lib/Cake/Test/Case/View/Helper/NumberHelperTest.php,110,Medium,1,0,0,0,0,0,0,0,0,0,0,0,0,0,0,0,0,0,0,0,0,0,0,0,0,0,0,0,0,0,0
lib/Cake/Test/Case/View/Helper/TextHelperTest.php,301,Large,9,3,2,218,3,0,50,0,0,0,0,0,0,168,0,0,0,0,0,0,0,0,0,0,0,0,0,0,0,0,0
lib/Cake/Utility/ClassRegistry.php,370,Large,3,1,1,31,1,0,31,0,0,0,0,0,0,0,0,0,0,0,0,0,0,0,0,0,0,0,0,0,0,0,0
lib/Cake/Utility/Debugger.php,850,Large,26,3,1,12,2,0,0,0,0,12,0,0,0,0,0,0,0,0,0,0,0,0,0,0,0,0,0,0,0,0,0
lib/Cake/Utility/Folder.php,834,Large,13,1,1,64,1,0,64,0,0,0,0,0,0,0,0,0,0,0,0,0,0,0,0,0,0,0,0,0,0,0,0
lib/Cake/Utility/Inflector.php,585,Large,25,8,3,55,4,0,0,0,0,0,0,18,0,15,0,0,0,22,0,0,0,0,0,0,0,0,0,0,0,0,0
lib/Cake/Utility/Sanitize.php,269,Medium,1,0,0,0,0,0,0,0,0,0,0,0,0,0,0,0,0,0,0,0,0,0,0,0,0,0,0,0,0,0,0
lib/Cake/Utility/Validation.php,1037,Large,34,3,1,44,1,0,0,0,0,0,0,0,0,44,0,0,0,0,0,0,0,0,0,0,0,0,0,0,0,0,0
lib/Cake/View/Helper.php,260,Medium,25,1,1,26,1,0,0,0,0,0,0,0,0,0,0,0,0,0,0,26,0,0,0,0,0,0,0,0,0,0,0
lib/Cake/View/Helper/HtmlHelper.php,1271,Large,26,4,3,405,3,0,0,109,0,0,0,0,0,81,215,0,0,0,0,0,0,0,0,0,0,0,0,0,0,0,0
lib/Cake/View/Helper/NumberHelper.php,149,Medium,1,0,0,0,0,0,0,0,0,0,0,0,0,0,0,0,0,0,0,0,0,0,0,0,0,0,0,0,0,0,0
lib/Cake/View/Helper/TextHelper.php,348,Large,22,5,3,81,3,0,0,0,0,0,0,33,0,22,0,0,0,26,0,0,0,0,0,0,0,0,0,0,0,0,0
lib/Cake/Console/Command/Task/ExtractTask.php,846,Large,40,5,3,448,3,0,0,220,0,0,0,32,196,0,0,0,0,0,0,0,0,0,0,0,0,0,0,0,0,0,0
lib/Cake/Model/Datasource/DataSource.php,437,Large,9,1,1,71,1,0,0,0,0,0,0,0,0,71,0,0,0,0,0,0,0,0,0,0,0,0,0,0,0,0,0
lib/Cake/Test/Case/Console/ShellDispatcherTest.php,576,Large,9,1,1,76,1,0,0,0,0,0,0,0,0,76,0,0,0,0,0,0,0,0,0,0,0,0,0,0,0,0,0
lib/Cake/Test/Case/Model/ModelReadTest.php,8291,Large,30,10,6,732,7,0,0,49,0,0,186,0,0,0,0,0,0,45,0,122,0,0,283,47,0,0,0,0,0,0,0
lib/Cake/Test/Case/Utility/DebuggerTest.php,563,Large,11,4,2,45,3,0,0,0,0,0,0,22,0,0,0,0,0,0,0,0,0,0,23,0,0,0,0,0,0,0,0
lib/Cake/Test/Case/Utility/XmlTest.php,853,Large,15,3,3,543,3,0,0,473,0,0,0,0,0,0,0,0,0,31,0,0,0,0,39,0,0,0,0,0,0,0,0
lib/Cake/Test/Case/View/Helper/CacheHelperTest.php,651,Large,7,0,0,0,0,0,0,0,0,0,0,0,0,0,0,0,0,0,0,0,0,0,0,0,0,0,0,0,0,0,0
lib/Cake/Utility/Xml.php,350,Large,18,4,2,26,2,0,0,13,0,0,0,13,0,0,0,0,0,0,0,0,0,0,0,0,0,0,0,0,0,0,0
lib/Cake/View/View.php,1123,Large,20,3,2,51,2,0,0,42,0,0,0,9,0,0,0,0,0,0,0,0,0,0,0,0,0,0,0,0,0,0,0
lib/Cake/Error/exceptions.php,525,Large,5,0,0,0,0,0,0,0,0,0,0,0,0,0,0,0,0,0,0,0,0,0,0,0,0,0,0,0,0,0,0
lib/Cake/Test/Case/BasicsTest.php,1170,Large,14,0,0,0,0,0,0,0,0,0,0,0,0,0,0,0,0,0,0,0,0,0,0,0,0,0,0,0,0,0,0
lib/Cake/Test/Case/Model/Datasource/CakeSessionTest.php,730,Large,10,0,0,0,0,0,0,0,0,0,0,0,0,0,0,0,0,0,0,0,0,0,0,0,0,0,0,0,0,0,0
lib/Cake/Test/Case/Model/Datasource/Database/MysqlTest.php,166,Medium,43,10,4,445,5,0,0,269,0,0,0,0,0,51,40,0,0,0,0,0,0,0,85,0,0,0,0,0,0,0,0
lib/Cake/Test/Case/Utility/CakeNumberTest.php,510,Large,3,0,0,0,0,0,0,0,0,0,0,0,0,0,0,0,0,0,0,0,0,0,0,0,0,0,0,0,0,0,0
lib/Cake/Test/Case/Utility/SetTest.php,3565,Large,12,1,1,86,1,0,0,86,0,0,0,0,0,0,0,0,0,0,0,0,0,0,0,0,0,0,0,0,0,0,0
lib/Cake/Utility/CakeNumber.php,296,Medium,7,1,1,56,1,0,0,56,0,0,0,0,0,0,0,0,0,0,0,0,0,0,0,0,0,0,0,0,0,0,0
lib/Cake/Utility/Set.php,1112,Large,9,1,1,23,1,0,0,23,0,0,0,0,0,0,0,0,0,0,0,0,0,0,0,0,0,0,0,0,0,0,0
lib/Cake/View/XmlView.php,151,Medium,0,0,0,0,0,0,0,0,0,0,0,0,0,0,0,0,0,0,0,0,0,0,0,0,0,0,0,0,0,0,0
lib/Cake/Configure/IniReader.php,230,Medium,0,0,0,0,0,0,0,0,0,0,0,0,0,0,0,0,0,0,0,0,0,0,0,0,0,0,0,0,0,0,0
lib/Cake/Console/Command/ConsoleShell.php,362,Large,15,0,0,0,0,0,0,0,0,0,0,0,0,0,0,0,0,0,0,0,0,0,0,0,0,0,0,0,0,0,0
lib/Cake/Console/Command/TestShell.php,432,Large,7,0,0,0,0,0,0,0,0,0,0,0,0,0,0,0,0,0,0,0,0,0,0,0,0,0,0,0,0,0,0
lib/Cake/Console/ShellDispatcher.php,416,Large,8,3,1,17,1,0,0,0,0,0,0,0,0,0,0,0,0,0,0,0,0,17,0,0,0,0,0,0,0,0,0
lib/Cake/Controller/Component/Acl/PhpAcl.php,561,Large,2,0,0,0,0,0,0,0,0,0,0,0,0,0,0,0,0,0,0,0,0,0,0,0,0,0,0,0,0,0,0
lib/Cake/Core/Object.php,18,Small,5,0,0,0,0,0,0,0,0,0,0,0,0,0,0,0,0,0,0,0,0,0,0,0,0,0,0,0,0,0,0
lib/Cake/Log/CakeLog.php,560,Large,6,0,0,0,0,0,0,0,0,0,0,0,0,0,0,0,0,0,0,0,0,0,0,0,0,0,0,0,0,0,0
lib/Cake/Model/CakeSchema.php,754,Large,15,2,2,50,2,0,0,0,0,0,0,16,0,0,0,0,0,0,0,34,0,0,0,0,0,0,0,0,0,0,0
lib/Cake/Model/Datasource/Database/Mysql.php,815,Large,23,3,2,137,2,0,0,0,0,0,0,0,0,107,0,0,0,0,0,0,0,0,30,0,0,0,0,0,0,0,0
lib/Cake/Model/Permission.php,259,Medium,12,2,2,369,2,0,0,0,0,0,0,183,0,0,0,0,0,0,0,186,0,0,0,0,0,0,0,0,0,0,0
lib/Cake/Test/Case/Controller/Component/CookieComponentTest.php,777,Large,11,2,1,49,1,0,0,49,0,0,0,0,0,0,0,0,0,0,0,0,0,0,0,0,0,0,0,0,0,0,0
lib/Cake/Test/Case/Log/CakeLogTest.php,173,Medium,3,0,0,0,0,0,0,0,0,0,0,0,0,0,0,0,0,0,0,0,0,0,0,0,0,0,0,0,0,0,0
lib/Cake/Test/Case/Utility/CakeTimeTest.php,1180,Large,14,2,1,66,2,0,0,0,0,0,0,0,0,0,0,0,0,0,0,0,0,0,0,66,0,0,0,0,0,0,0
lib/Cake/Test/Case/Utility/FileTest.php,488,Large,16,4,3,95,3,0,24,0,0,0,0,0,0,29,0,0,0,42,0,0,0,0,0,0,0,0,0,0,0,0,0
lib/Cake/Test/Case/View/Helper/FormHelperTest.php,7556,Large,82,22,8,742,10,0,0,51,0,0,0,91,0,144,43,0,0,59,0,70,0,0,47,237,0,0,0,0,0,0,0
lib/Cake/Test/Case/View/ViewTest.php,1842,Large,39,1,1,43,1,0,0,43,0,0,0,0,0,0,0,0,0,0,0,0,0,0,0,0,0,0,0,0,0,0,0
lib/Cake/TestSuite/Fixture/CakeTestFixture.php,336,Large,13,0,0,0,0,0,0,0,0,0,0,0,0,0,0,0,0,0,0,0,0,0,0,0,0,0,0,0,0,0,0
lib/Cake/Utility/CakeTime.php,1150,Large,23,4,3,554,3,0,0,208,0,0,0,0,33,0,0,0,0,0,0,0,0,0,0,313,0,0,0,0,0,0,0
lib/Cake/Utility/Hash.php,1237,Large,22,4,3,150,3,0,0,0,0,0,0,27,0,0,0,103,0,0,0,0,0,0,20,0,0,0,0,0,0,0,0
lib/Cake/Utility/Security.php,189,Medium,7,0,0,0,0,0,0,0,0,0,0,0,0,0,0,0,0,0,0,0,0,0,0,0,0,0,0,0,0,0,0
lib/Cake/View/Helper/FormHelper.php,2857,Large,130,22,9,579,10,0,0,19,0,20,70,28,0,130,60,141,0,0,0,59,0,0,0,52,0,0,0,0,0,0,0
lib/Cake/View/Helper/MootoolsEngineHelper.php,376,Large,3,0,0,0,0,0,0,0,0,0,0,0,0,0,0,0,0,0,0,0,0,0,0,0,0,0,0,0,0,0,0
lib/Cake/View/Helper/PaginatorHelper.php,1185,Large,16,0,0,0,0,0,0,0,0,0,0,0,0,0,0,0,0,0,0,0,0,0,0,0,0,0,0,0,0,0,0
lib/Cake/View/Helper/PrototypeEngineHelper.php,369,Large,5,0,0,0,0,0,0,0,0,0,0,0,0,0,0,0,0,0,0,0,0,0,0,0,0,0,0,0,0,0,0
lib/Cake/View/Helper/RssHelper.php,366,Large,6,0,0,0,0,0,0,0,0,0,0,0,0,0,0,0,0,0,0,0,0,0,0,0,0,0,0,0,0,0,0
lib/Cake/View/Helper/TimeHelper.php,500,Large,5,1,1,98,1,0,98,0,0,0,0,0,0,0,0,0,0,0,0,0,0,0,0,0,0,0,0,0,0,0,0
lib/Cake/View/MediaView.php,103,Medium,5,1,1,12,1,0,0,12,0,0,0,0,0,0,0,0,0,0,0,0,0,0,0,0,0,0,0,0,0,0,0
lib/Cake/Cache/CacheEngine.php,274,Medium,1,0,0,0,0,0,0,0,0,0,0,0,0,0,0,0,0,0,0,0,0,0,0,0,0,0,0,0,0,0,0
lib/Cake/Cache/Engine/FileEngine.php,432,Large,24,9,3,53,6,0,0,0,0,0,0,11,0,17,0,0,0,0,0,25,0,0,0,0,0,0,0,0,0,0,0
lib/Cake/Controller/Component.php,224,Medium,2,1,1,52,1,0,0,52,0,0,0,0,0,0,0,0,0,0,0,0,0,0,0,0,0,0,0,0,0,0,0
lib/Cake/Controller/Component/Acl/IniAcl.php,174,Medium,1,0,0,0,0,0,0,0,0,0,0,0,0,0,0,0,0,0,0,0,0,0,0,0,0,0,0,0,0,0,0
lib/Cake/Controller/Component/SessionComponent.php,189,Medium,0,0,0,0,0,0,0,0,0,0,0,0,0,0,0,0,0,0,0,0,0,0,0,0,0,0,0,0,0,0,0
lib/Cake/Controller/Scaffold.php,451,Large,18,2,2,42,2,0,0,23,0,0,0,0,0,0,0,0,0,0,19,0,0,0,0,0,0,0,0,0,0,0,0
lib/Cake/Core/CakePlugin.php,285,Medium,5,0,0,0,0,0,0,0,0,0,0,0,0,0,0,0,0,0,0,0,0,0,0,0,0,0,0,0,0,0,0
lib/Cake/I18n/I18n.php,71,Medium,6,1,1,27,1,0,27,0,0,0,0,0,0,0,0,0,0,0,0,0,0,0,0,0,0,0,0,0,0,0,0
lib/Cake/I18n/Multibyte.php,1134,Large,6,0,0,0,0,0,0,0,0,0,0,0,0,0,0,0,0,0,0,0,0,0,0,0,0,0,0,0,0,0,0
lib/Cake/Model/Behavior/ContainableBehavior.php,431,Large,4,0,0,0,0,0,0,0,0,0,0,0,0,0,0,0,0,0,0,0,0,0,0,0,0,0,0,0,0,0,0
lib/Cake/Model/Behavior/TreeBehavior.php,1125,Large,36,1,1,75,1,0,0,75,0,0,0,0,0,0,0,0,0,0,0,0,0,0,0,0,0,0,0,0,0,0,0
lib/Cake/Model/ModelValidator.php,600,Large,12,2,1,133,1,0,0,0,0,0,0,133,0,0,0,0,0,0,0,0,0,0,0,0,0,0,0,0,0,0,0
lib/Cake/Network/CakeSocket.php,282,Medium,6,4,2,81,3,0,0,0,0,0,0,0,0,0,0,0,0,36,45,0,0,0,0,0,0,0,0,0,0,0,0
lib/Cake/Test/Case/Cache/Engine/MemcacheEngineTest.php,493,Large,4,0,0,0,0,0,0,0,0,0,0,0,0,0,0,0,0,0,0,0,0,0,0,0,0,0,0,0,0,0,0
lib/Cake/Test/Case/Console/Command/AclShellTest.php,311,Large,2,0,0,0,0,0,0,0,0,0,0,0,0,0,0,0,0,0,0,0,0,0,0,0,0,0,0,0,0,0,0
lib/Cake/Test/Case/Console/Command/Task/ControllerTaskTest.php,618,Large,24,0,0,0,0,0,0,0,0,0,0,0,0,0,0,0,0,0,0,0,0,0,0,0,0,0,0,0,0,0,0
lib/Cake/Test/Case/Console/Command/TestShellTest.php,344,Large,0,0,0,0,0,0,0,0,0,0,0,0,0,0,0,0,0,0,0,0,0,0,0,0,0,0,0,0,0,0,0
lib/Cake/Test/Case/Controller/Component/Acl/DbAclTest.php,534,Large,8,0,0,0,0,0,0,0,0,0,0,0,0,0,0,0,0,0,0,0,0,0,0,0,0,0,0,0,0,0,0
lib/Cake/Test/Case/Core/AppTest.php,257,Medium,6,0,0,0,0,0,0,0,0,0,0,0,0,0,0,0,0,0,0,0,0,0,0,0,0,0,0,0,0,0,0
lib/Cake/Test/Case/Core/ObjectTest.php,680,Large,7,1,1,81,1,0,0,81,0,0,0,0,0,0,0,0,0,0,0,0,0,0,0,0,0,0,0,0,0,0,0
lib/Cake/Test/Case/Error/ErrorHandlerTest.php,323,Large,7,2,1,55,1,0,0,0,0,0,0,0,0,0,0,0,0,55,0,0,0,0,0,0,0,0,0,0,0,0,0
lib/Cake/Test/Case/Event/CakeEventManagerTest.php,535,Large,4,1,1,28,1,0,0,0,0,0,28,0,0,0,0,0,0,0,0,0,0,0,0,0,0,0,0,0,0,0,0
lib/Cake/Test/Case/Model/Behavior/ContainableBehaviorTest.php,3767,Large,12,1,1,143,1,0,0,143,0,0,0,0,0,0,0,0,0,0,0,0,0,0,0,0,0,0,0,0,0,0,0
lib/Cake/Test/Case/Model/Behavior/TreeBehaviorNumberTest.php,1367,Large,7,1,1,113,1,0,0,0,0,0,113,0,0,0,0,0,0,0,0,0,0,0,0,0,0,0,0,0,0,0,0
lib/Cake/Test/Case/Model/Behavior/TreeBehaviorScopedTest.php,316,Large,3,1,1,71,1,0,0,0,0,0,71,0,0,0,0,0,0,0,0,0,0,0,0,0,0,0,0,0,0,0,0
lib/Cake/Test/Case/Model/ModelDeleteTest.php,962,Large,6,1,1,64,1,0,0,64,0,0,0,0,0,0,0,0,0,0,0,0,0,0,0,0,0,0,0,0,0,0,0
lib/Cake/Test/Case/Model/Validator/CakeValidationSetTest.php,337,Large,0,0,0,0,0,0,0,0,0,0,0,0,0,0,0,0,0,0,0,0,0,0,0,0,0,0,0,0,0,0,0
lib/Cake/Test/Case/Network/CakeResponseTest.php,428,Large,14,1,1,98,1,0,0,0,0,0,0,0,0,0,0,0,0,0,0,98,0,0,0,0,0,0,0,0,0,0,0
lib/Cake/Test/Case/TestSuite/CakeTestFixtureTest.php,492,Large,2,2,2,624,2,0,0,10,0,0,0,614,0,0,0,0,0,0,0,0,0,0,0,0,0,0,0,0,0,0,0
lib/Cake/Test/Case/Utility/HashTest.php,2901,Large,4,3,3,217,3,0,0,0,0,0,0,146,0,54,0,0,0,0,0,0,0,17,0,0,0,0,0,0,0,0,0
lib/Cake/Test/Case/View/Helper/JsHelperTest.php,948,Large,9,0,0,0,0,0,0,0,0,0,0,0,0,0,0,0,0,0,0,0,0,0,0,0,0,0,0,0,0,0,0
lib/Cake/Test/Case/View/HelperTest.php,1003,Large,18,5,2,90,3,0,0,64,0,0,0,26,0,0,0,0,0,0,0,0,0,0,0,0,0,0,0,0,0,0,0
lib/Cake/TestSuite/CakeTestCase.php,679,Large,15,2,2,314,2,0,0,111,0,0,0,0,0,0,0,0,0,0,0,0,0,0,203,0,0,0,0,0,0,0,0
lib/Cake/TestSuite/CakeTestSuiteCommand.php,156,Medium,7,0,0,0,0,0,0,0,0,0,0,0,0,0,0,0,0,0,0,0,0,0,0,0,0,0,0,0,0,0,0
lib/Cake/Utility/File.php,506,Large,5,2,2,49,2,0,0,0,0,0,0,0,0,32,0,0,0,0,0,0,0,0,17,0,0,0,0,0,0,0,0
lib/Cake/Utility/ObjectCollection.php,339,Large,3,0,0,0,0,0,0,0,0,0,0,0,0,0,0,0,0,0,0,0,0,0,0,0,0,0,0,0,0,0,0
lib/Cake/Console/Command/BakeShell.php,255,Medium,5,0,0,0,0,0,0,0,0,0,0,0,0,0,0,0,0,0,0,0,0,0,0,0,0,0,0,0,0,0,0
lib/Cake/Test/Case/Cache/Engine/ApcEngineTest.php,303,Large,1,0,0,0,0,0,0,0,0,0,0,0,0,0,0,0,0,0,0,0,0,0,0,0,0,0,0,0,0,0,0
lib/Cake/Test/Case/Cache/Engine/RedisEngineTest.php,519,Large,1,0,0,0,0,0,0,0,0,0,0,0,0,0,0,0,0,0,0,0,0,0,0,0,0,0,0,0,0,0,0
lib/Cake/Test/Case/Controller/Component/AuthComponentTest.php,1593,Large,25,3,3,147,3,0,73,0,0,0,0,0,0,0,0,0,0,0,0,35,0,0,39,0,0,0,0,0,0,0,0
lib/Cake/Test/Case/Controller/Component/PaginatorComponentTest.ph,1421,Large,23,6,3,89,4,0,0,0,20,0,0,34,0,35,0,0,0,0,0,0,0,0,0,0,0,0,0,0,0,0,0
lib/Cake/Test/Case/I18n/I18nTest.php,2166,Large,4,0,0,0,0,0,0,0,0,0,0,0,0,0,0,0,0,0,0,0,0,0,0,0,0,0,0,0,0,0,0
lib/Cake/Test/Case/Model/CakeSchemaTest.php,1164,Large,12,2,2,164,2,0,97,0,0,0,0,0,0,0,0,0,0,0,0,0,0,0,67,0,0,0,0,0,0,0,0
lib/Cake/Test/Case/Network/Email/SmtpTransportTest.php,260,Medium,12,1,1,962,1,0,0,962,0,0,0,0,0,0,0,0,0,0,0,0,0,0,0,0,0,0,0,0,0,0,0
lib/Cake/Test/Case/Network/Http/HttpResponseTest.php,521,Large,9,1,1,24,1,0,0,0,0,0,0,0,0,0,0,0,0,0,0,0,0,24,0,0,0,0,0,0,0,0,0
lib/Cake/Test/Case/Utility/StringTest.php,61,Medium,2,1,1,356,1,0,0,356,0,0,0,0,0,0,0,0,0,0,0,0,0,0,0,0,0,0,0,0,0,0,0
lib/Cake/Test/Case/View/Helper/MootoolsEngineHelperTest.php,382,Large,0,0,0,0,0,0,0,0,0,0,0,0,0,0,0,0,0,0,0,0,0,0,0,0,0,0,0,0,0,0,0
lib/Cake/Test/Case/View/Helper/PaginatorHelperTest.php,3017,Large,4,2,1,23,2,0,0,0,0,0,0,0,0,0,0,0,0,23,0,0,0,0,0,0,0,0,0,0,0,0,0
lib/Cake/TestSuite/Fixture/CakeTestModel.php,69,Medium,1,0,0,0,0,0,0,0,0,0,0,0,0,0,0,0,0,0,0,0,0,0,0,0,0,0,0,0,0,0,0
lib/Cake/Utility/String.php,603,Large,4,1,1,258,1,0,0,258,0,0,0,0,0,0,0,0,0,0,0,0,0,0,0,0,0,0,0,0,0,0,0
lib/Cake/Routing/Route/RedirectRoute.php,117,Medium,0,0,0,0,0,0,0,0,0,0,0,0,0,0,0,0,0,0,0,0,0,0,0,0,0,0,0,0,0,0,0
lib/Cake/Test/Case/Console/Command/Task/ExtractTaskTest.php,506,Large,9,0,0,0,0,0,0,0,0,0,0,0,0,0,0,0,0,0,0,0,0,0,0,0,0,0,0,0,0,0,0
lib/Cake/Test/Case/Model/Datasource/Database/SqliteTest.php,386,Large,4,1,1,36,1,0,0,0,0,0,0,0,0,0,0,0,36,0,0,0,0,0,0,0,0,0,0,0,0,0,0
lib/Cake/View/ScaffoldView.php,91,Medium,0,0,0,0,0,0,0,0,0,0,0,0,0,0,0,0,0,0,0,0,0,0,0,0,0,0,0,0,0,0,0
lib/Cake/Cache/Cache.php,501,Large,5,0,0,0,0,0,0,0,0,0,0,0,0,0,0,0,0,0,0,0,0,0,0,0,0,0,0,0,0,0,0
lib/Cake/Cache/Engine/MemcachedEngine.php,502,Large,7,3,1,15,2,0,0,0,0,0,0,0,0,15,0,0,0,0,0,0,0,0,0,0,0,0,0,0,0,0,0
lib/Cake/Console/Command/ApiShell.php,242,Medium,4,0,0,0,0,0,0,0,0,0,0,0,0,0,0,0,0,0,0,0,0,0,0,0,0,0,0,0,0,0,0
lib/Cake/Console/Command/Task/ProjectTask.php,453,Large,12,0,0,0,0,0,0,0,0,0,0,0,0,0,0,0,0,0,0,0,0,0,0,0,0,0,0,0,0,0,0
lib/Cake/Controller/Component/CookieComponent.php,571,Large,40,3,2,230,2,0,0,165,0,0,0,0,0,0,0,0,0,0,0,0,0,0,65,0,0,0,0,0,0,0,0
lib/Cake/Test/Case/Cache/CacheTest.php,541,Large,4,2,2,80,2,0,44,0,0,0,0,0,0,36,0,0,0,0,0,0,0,0,0,0,0,0,0,0,0,0,0
lib/Cake/Test/Case/Cache/Engine/MemcachedEngineTest.php,827,Large,5,2,1,61,1,0,0,0,0,0,0,0,0,61,0,0,0,0,0,0,0,0,0,0,0,0,0,0,0,0,0
lib/Cake/Test/Case/Console/Command/CompletionShellTest.php,261,Medium,0,0,0,0,0,0,0,0,0,0,0,0,0,0,0,0,0,0,0,0,0,0,0,0,0,0,0,0,0,0,0
lib/Cake/Test/Case/Console/Command/SchemaShellTest.php,698,Large,3,1,1,117,1,0,117,0,0,0,0,0,0,0,0,0,0,0,0,0,0,0,0,0,0,0,0,0,0,0,0
lib/Cake/Test/Case/Console/Command/Task/ModelTaskTest.php,1327,Large,15,0,0,0,0,0,0,0,0,0,0,0,0,0,0,0,0,0,0,0,0,0,0,0,0,0,0,0,0,0,0
lib/Cake/Test/Case/Console/Command/Task/TestTaskTest.php,727,Large,2,0,0,0,0,0,0,0,0,0,0,0,0,0,0,0,0,0,0,0,0,0,0,0,0,0,0,0,0,0,0
lib/Cake/Test/Case/Controller/Component/SessionComponentTest.php,291,Medium,10,1,1,5,1,0,0,0,0,0,0,0,0,0,0,0,0,0,0,5,0,0,0,0,0,0,0,0,0,0,0
lib/Cake/Test/Case/Core/CakePluginTest.php,299,Medium,0,0,0,0,0,0,0,0,0,0,0,0,0,0,0,0,0,0,0,0,0,0,0,0,0,0,0,0,0,0,0
lib/Cake/Test/Case/Utility/FolderTest.php,878,Large,14,2,2,83,2,0,50,33,0,0,0,0,0,0,0,0,0,0,0,0,0,0,0,0,0,0,0,0,0,0,0
lib/Cake/Test/Case/Utility/SecurityTest.php,427,Large,2,0,0,0,0,0,0,0,0,0,0,0,0,0,0,0,0,0,0,0,0,0,0,0,0,0,0,0,0,0,0
lib/Cake/Test/Case/View/Helper/RssHelperTest.php,757,Large,6,1,1,41,1,0,0,0,0,0,0,0,0,41,0,0,0,0,0,0,0,0,0,0,0,0,0,0,0,0,0
lib/Cake/TestSuite/Coverage/HtmlCoverageReport.php,191,Medium,3,1,1,55,1,0,0,0,0,0,0,0,0,0,0,0,0,55,0,0,0,0,0,0,0,0,0,0,0,0,0
lib/Cake/TestSuite/Reporter/CakeHtmlReporter.php,443,Large,19,3,3,169,3,0,14,0,0,0,0,0,0,0,0,0,0,88,0,0,0,0,67,0,0,0,0,0,0,0,0
lib/Cake/View/Helper/JqueryEngineHelper.php,361,Large,6,0,0,0,0,0,0,0,0,0,0,0,0,0,0,0,0,0,0,0,0,0,0,0,0,0,0,0,0,0,0
lib/Cake/View/Helper/JsBaseEngineHelper.php,591,Large,6,0,0,0,0,0,0,0,0,0,0,0,0,0,0,0,0,0,0,0,0,0,0,0,0,0,0,0,0,0,0
lib/Cake/View/Helper/JsHelper.php,436,Large,3,0,0,0,0,0,0,0,0,0,0,0,0,0,0,0,0,0,0,0,0,0,0,0,0,0,0,0,0,0,0
/Test/Case/Controller/Component/Auth/DigestAuthenticateTest.php,306,Large,1,0,0,0,0,0,0,0,0,0,0,0,0,0,0,0,0,0,0,0,0,0,0,0,0,0,0,0,0,0,0
lib/Cake/Test/Case/TestSuite/CakeTestCaseTest.php,529,Large,6,2,2,196,2,0,0,93,0,0,0,0,0,0,0,103,0,0,0,0,0,0,0,0,0,0,0,0,0,0,0
lib/Cake/Routing/Dispatcher.php,92,Medium,4,0,0,0,0,0,0,0,0,0,0,0,0,0,0,0,0,0,0,0,0,0,0,0,0,0,0,0,0,0,0
lib/Cake/Test/Case/Utility/ObjectCollectionTest.php,615,Large,11,0,0,0,0,0,0,0,0,0,0,0,0,0,0,0,0,0,0,0,0,0,0,0,0,0,0,0,0,0,0
lib/Cake/TestSuite/Reporter/CakeBaseReporter.php,227,Medium,3,0,0,0,0,0,0,0,0,0,0,0,0,0,0,0,0,0,0,0,0,0,0,0,0,0,0,0,0,0,0
lib/Cake/Test/Case/Network/CakeSocketTest.php,431,Large,6,2,1,16,1,0,0,0,0,0,0,16,0,0,0,0,0,0,0,0,0,0,0,0,0,0,0,0,0,0,0
lib/Cake/Test/Case/I18n/MultibyteTest.php,9228,Large,6,0,0,0,0,0,0,0,0,0,0,0,0,0,0,0,0,0,0,0,0,0,0,0,0,0,0,0,0,0,0
src/Cache/Engine/RedisEngine.php,258,Medium,1,0,0,0,0,0,0,0,0,0,0,0,0,0,0,0,0,0,0,0,0,0,0,0,0,0,0,0,0,0,0
src/Controller/Component/AuthComponent.php,725,Large,14,1,1,30,1,0,0,0,0,0,0,0,0,0,0,0,0,0,0,0,0,0,0,0,0,0,0,30,0,0,0
src/Controller/Component/RequestHandlerComponent.php,783,Large,20,4,2,398,2,0,0,0,0,0,0,0,0,0,0,0,0,0,0,0,0,0,0,0,0,281,0,117,0,0,0
src/Core/functions.php,243,Medium,4,2,1,13,1,0,0,0,0,0,0,0,0,0,0,0,0,0,0,0,0,0,0,0,0,0,0,13,0,0,0
src/Database/Expression/QueryExpression.php,823,Large,5,1,1,39,1,0,0,0,0,0,0,0,0,0,0,0,0,0,0,0,0,0,0,0,0,39,0,0,0,0,0
src/Database/Expression/TupleComparison.php,192,Medium,2,0,0,0,0,0,0,0,0,0,0,0,0,0,0,0,0,0,0,0,0,0,0,0,0,0,0,0,0,0,0
src/Database/Query.php,2330,Large,13,1,1,51,1,0,0,0,0,0,0,0,0,0,0,0,0,0,0,0,0,0,0,0,0,0,0,51,0,0,0
src/Database/Schema/PostgresSchema.php,600,Large,9,5,2,166,3,0,0,0,0,0,0,0,0,0,0,0,0,0,0,0,0,0,0,0,61,105,0,0,0,0,0
src/Filesystem/Folder.php,975,Large,5,3,1,16,2,0,0,0,0,0,0,0,0,0,0,0,0,0,0,0,0,0,0,0,16,0,0,0,0,0,0
src/Network/Request.php,71,Medium,18,6,2,4381,4,0,0,0,0,0,0,0,0,0,0,0,0,0,0,0,0,0,0,0,33,4348,0,0,0,0,0
src/Network/Response.php,603,Large,25,12,1,700,2,0,0,0,0,0,0,0,0,0,0,0,0,0,0,0,0,0,0,0,0,700,0,0,0,0,0
src/Network/Session.php,595,Large,16,2,2,201,2,0,0,0,0,0,0,0,0,0,0,0,0,0,0,0,0,0,0,0,0,0,186,15,0,0,0
src/ORM/Association.php,1436,Large,34,7,2,124,5,0,0,0,0,0,0,0,0,0,0,0,0,0,0,0,0,0,0,0,37,87,0,0,0,0,0
src/ORM/Association/BelongsToMany.php,1433,Large,40,13,2,320,4,0,0,0,0,0,0,0,0,0,0,0,0,0,0,0,0,0,0,0,59,261,0,0,0,0,0
src/ORM/EagerLoader.php,730,Large,14,4,1,53,1,0,0,0,0,0,0,0,0,0,0,0,0,0,0,0,0,0,0,0,0,53,0,0,0,0,0
src/ORM/Query.php,1826,Large,12,4,2,138,2,0,0,0,0,0,0,0,0,0,0,0,0,0,0,0,0,0,0,0,68,70,0,0,0,0,0
src/ORM/ResultSet.php,627,Large,5,2,1,35,1,0,0,0,0,0,0,0,0,0,0,0,0,0,0,0,0,0,0,0,0,35,0,0,0,0,0
src/ORM/Rule/ExistsIn.php,109,Medium,10,4,3,71,3,0,0,0,0,0,0,0,0,0,0,0,0,0,0,0,0,0,0,0,36,27,0,8,0,0,0
src/ORM/Table.php,170,Medium,26,7,2,162,3,0,0,0,0,0,0,0,0,0,0,0,0,0,0,0,0,0,0,0,117,0,0,45,0,0,0
src/Routing/RequestActionTrait.php,162,Medium,2,0,0,0,0,0,0,0,0,0,0,0,0,0,0,0,0,0,0,0,0,0,0,0,0,0,0,0,0,0,0
src/Shell/Task/CommandTask.php,183,Medium,0,0,0,0,0,0,0,0,0,0,0,0,0,0,0,0,0,0,0,0,0,0,0,0,0,0,0,0,0,0,0
src/TestSuite/IntegrationTestCase.php,1021,Large,38,9,4,382,4,0,0,0,0,0,0,0,0,0,0,0,0,0,0,0,0,0,0,0,323,17,25,17,0,0,0
src/Validation/Validation.php,885,Large,6,1,1,34,1,0,0,0,0,0,0,0,0,0,0,0,0,0,0,0,0,0,0,0,34,0,0,0,0,0,0
src/View/Helper/FormHelper.php,3134,Large,36,8,3,178,5,0,0,0,0,0,0,0,0,0,0,0,0,0,0,0,0,0,0,0,10,56,0,112,0,0,0
src/View/Helper/HtmlHelper.php,1302,Large,2,1,1,317,1,0,0,0,0,0,0,0,0,0,0,0,0,0,0,0,0,0,0,0,317,0,0,0,0,0,0
src/View/View.php,1238,Large,16,2,2,90,2,0,0,0,0,0,0,0,0,0,0,0,0,0,0,0,0,0,0,0,0,52,0,38,0,0,0
src/View/Widget/DateTimeWidget.php,629,Large,0,0,0,0,0,0,0,0,0,0,0,0,0,0,0,0,0,0,0,0,0,0,0,0,0,0,0,0,0,0,0
src/basics.php,1085,Large,1,1,1,429,1,0,0,0,0,0,0,0,0,0,0,0,0,0,0,0,0,0,0,0,0,429,0,0,0,0,0
tests/TestCase/BasicsTest.php,1197,Large,1,0,0,0,0,0,0,0,0,0,0,0,0,0,0,0,0,0,0,0,0,0,0,0,0,0,0,0,0,0,0
tests/TestCase/Cache/Engine/ApcEngineTest.php,314,Large,17,1,1,17,1,0,0,0,0,0,0,0,0,0,0,0,0,0,0,0,0,0,0,0,17,0,0,0,0,0,0
tests/TestCase/Cache/Engine/RedisEngineTest.php,425,Large,5,0,0,0,0,0,0,0,0,0,0,0,0,0,0,0,0,0,0,0,0,0,0,0,0,0,0,0,0,0,0
tests/TestCase/Cache/Engine/XcacheEngineTest.php,271,Medium,5,0,0,0,0,0,0,0,0,0,0,0,0,0,0,0,0,0,0,0,0,0,0,0,0,0,0,0,0,0,0
tests/TestCase/Controller/Component/AuthComponentTest.php,1262,Large,93,6,2,588,3,0,0,0,0,0,0,0,0,0,0,0,0,0,0,0,0,0,0,0,192,0,0,396,0,0,0
tests/TestCase/Controller/Component/RequestHandlerComponentTest.php,986,Large,38,4,1,98,1,0,0,0,0,0,0,0,0,0,0,0,0,0,0,0,0,0,0,0,0,0,0,98,0,0,0
tests/TestCase/Database/QueryTest.php,3554,Large,39,22,3,171,3,0,0,0,0,0,0,0,0,0,0,0,0,0,0,0,0,0,0,0,98,43,0,30,0,0,0
tests/TestCase/Database/Schema/PostgresSchemaTest.php,1274,Large,8,4,2,132,2,0,0,0,0,0,0,0,0,0,0,0,0,0,0,0,0,0,0,0,28,104,0,0,0,0,0
tests/TestCase/Filesystem/FileTest.php,663,Large,5,1,1,164,1,0,0,0,0,0,0,0,0,0,0,0,0,0,0,0,0,0,0,0,0,0,0,164,0,0,0
tests/TestCase/I18n/TimeTest.php,926,Large,1,1,1,100,1,0,0,0,0,0,0,0,0,0,0,0,0,0,0,0,0,0,0,0,100,0,0,0,0,0,0
tests/TestCase/Network/ResponseTest.php,3135,Large,47,12,2,102,4,0,0,0,0,0,0,0,0,0,0,0,0,0,0,0,0,0,0,0,34,68,0,0,0,0,0
tests/TestCase/ORM/Association/BelongsToManyTest.php,1373,Large,20,4,2,94,2,0,0,0,0,0,0,0,0,0,0,0,0,0,0,0,0,0,0,0,32,0,0,62,0,0,0
tests/TestCase/ORM/Association/BelongsToTest.php,403,Large,6,0,0,0,0,0,0,0,0,0,0,0,0,0,0,0,0,0,0,0,0,0,0,0,0,0,0,0,0,0,0
tests/TestCase/ORM/Association/HasManyTest.php,743,Large,16,5,3,2476,5,0,0,0,0,0,0,0,0,0,0,0,0,0,0,0,0,0,0,0,137,2316,0,23,0,0,0
tests/TestCase/ORM/Association/HasOneTest.php,414,Large,2,0,0,0,0,0,0,0,0,0,0,0,0,0,0,0,0,0,0,0,0,0,0,0,0,0,0,0,0,0,0
tests/TestCase/ORM/QueryRegressionTest.php,1418,Large,15,7,2,109,3,0,0,0,0,0,0,0,0,0,0,0,0,0,0,0,0,0,0,0,67,0,0,42,0,0,0
tests/TestCase/ORM/ResultSetTest.php,420,Large,6,1,1,32,1,0,0,0,0,0,0,0,0,0,0,0,0,0,0,0,0,0,0,0,0,0,0,32,0,0,0
tests/TestCase/ORM/RulesCheckerIntegrationTest.php,1412,Large,30,8,2,231,4,0,0,0,0,0,0,0,0,0,0,0,0,0,0,0,0,0,0,0,201,0,0,30,0,0,0
tests/TestCase/Routing/RequestActionTraitTest.php,419,Large,1,0,0,0,0,0,0,0,0,0,0,0,0,0,0,0,0,0,0,0,0,0,0,0,0,0,0,0,0,0,0
tests/TestCase/Routing/Route/DashedRouteTest.php,215,Medium,0,0,0,0,0,0,0,0,0,0,0,0,0,0,0,0,0,0,0,0,0,0,0,0,0,0,0,0,0,0,0
tests/TestCase/Shell/CompletionShellTest.php,261,Medium,5,1,1,28,1,0,0,0,0,0,0,0,0,0,0,0,0,0,0,0,0,0,0,0,0,0,28,0,0,0,0
tests/TestCase/TestSuite/IntegrationTestCaseTest.php,927,Large,7,2,2,128,2,0,0,0,0,0,0,0,0,0,0,0,0,0,0,0,0,0,0,0,0,47,0,81,0,0,0
tests/TestCase/View/Helper/FormHelperTest.php,9140,Large,93,8,2,321,3,0,0,0,0,0,0,0,0,0,0,0,0,0,0,0,0,0,0,0,32,289,0,0,0,0,0
tests/TestCase/View/ViewTest.php,1436,Large,24,3,2,382,2,0,0,0,0,0,0,0,0,0,0,0,0,0,0,0,0,0,0,0,319,0,0,63,0,0,0
tests/TestCase/View/Widget/DateTimeWidgetTest.php,1282,Large,0,0,0,0,0,0,0,0,0,0,0,0,0,0,0,0,0,0,0,0,0,0,0,0,0,0,0,0,0,0,0
src/Database/Type.php,300,Large,5,1,1,17,1,0,0,0,0,0,0,0,0,0,0,0,0,0,0,0,0,0,0,0,0,0,0,17,0,0,0
src/Error/ExceptionRenderer.php,352,Large,17,4,2,26,2,0,0,0,0,0,0,0,0,0,0,0,0,0,0,0,0,0,0,0,0,11,0,15,0,0,0
src/Event/EventManager.php,576,Large,6,3,2,71,2,0,0,0,0,0,0,0,0,0,0,0,0,0,0,0,0,0,0,0,30,0,0,41,0,0,0
src/Mailer/Email.php,2923,Large,11,3,3,236,3,0,0,0,0,0,0,0,0,0,0,0,0,0,0,0,0,0,0,0,7,150,0,79,0,0,0
src/ORM/Behavior.php,419,Large,1,0,0,0,0,0,0,0,0,0,0,0,0,0,0,0,0,0,0,0,0,0,0,0,0,0,0,0,0,0,0
src/ORM/Behavior/TreeBehavior.php,1007,Large,17,1,1,114,1,0,0,0,0,0,0,0,0,0,0,0,0,0,0,0,0,0,0,0,114,0,0,0,0,0,0
src/ORM/Locator/TableLocator.php,265,Medium,1,0,0,0,0,0,0,0,0,0,0,0,0,0,0,0,0,0,0,0,0,0,0,0,0,0,0,0,0,0,0
src/Routing/RouteBuilder.php,1075,Large,4,1,1,24,1,0,0,0,0,0,0,0,0,0,0,0,0,0,0,0,0,0,0,0,0,0,0,24,0,0,0
src/Routing/Router.php,1063,Large,24,6,3,122,3,0,0,0,0,0,0,0,0,0,0,0,0,0,0,0,0,0,0,0,18,34,0,70,0,0,0
src/TestSuite/Fixture/FixtureManager.php,486,Large,15,2,2,64,2,0,0,0,0,0,0,0,0,0,0,0,0,0,0,0,0,0,0,0,56,0,0,8,0,0,0
src/TestSuite/TestCase.php,751,Large,14,3,2,77,2,0,0,0,0,0,0,0,0,0,0,0,0,0,0,0,0,0,0,0,42,0,0,35,0,0,0
src/Utility/Xml.php,393,Large,8,0,0,0,0,0,0,0,0,0,0,0,0,0,0,0,0,0,0,0,0,0,0,0,0,0,0,0,0,0,0
src/Cache/Cache.php,241,Medium,5,1,1,10,1,0,0,0,0,0,0,0,0,0,0,0,0,0,0,0,0,0,0,0,0,0,0,10,0,0,0
src/Cache/CacheEngine.php,179,Medium,4,0,0,0,0,0,0,0,0,0,0,0,0,0,0,0,0,0,0,0,0,0,0,0,0,0,0,0,0,0,0
src/Cache/Engine/FileEngine.php,492,Large,4,0,0,0,0,0,0,0,0,0,0,0,0,0,0,0,0,0,0,0,0,0,0,0,0,0,0,0,0,0,0
src/Cache/Engine/MemcachedEngine.php,507,Large,1,0,0,0,0,0,0,0,0,0,0,0,0,0,0,0,0,0,0,0,0,0,0,0,0,0,0,0,0,0,0
src/Cache/Engine/NullEngine.php,117,Medium,0,0,0,0,0,0,0,0,0,0,0,0,0,0,0,0,0,0,0,0,0,0,0,0,0,0,0,0,0,0,0
src/Collection/CollectionTrait.php,750,Large,13,5,1,46,2,0,0,0,0,0,0,0,0,0,0,0,0,0,0,0,0,0,0,0,46,0,0,0,0,0,0
src/Console/ConsoleIo.php,399,Large,3,1,1,45,1,0,0,0,0,0,0,0,0,0,0,0,0,0,0,0,0,0,0,0,0,0,45,0,0,0,0
src/Console/ConsoleOptionParser.php,651,Large,6,3,1,31,1,0,0,0,0,0,0,0,0,0,0,0,0,0,0,0,0,0,0,0,0,31,0,0,0,0,0
src/Console/Shell.php,912,Large,16,1,1,41,1,0,0,0,0,0,0,0,0,0,0,0,0,0,0,0,0,0,0,0,41,0,0,0,0,0,0
src/Console/ShellDispatcher.php,332,Large,5,0,0,0,0,0,0,0,0,0,0,0,0,0,0,0,0,0,0,0,0,0,0,0,0,0,0,0,0,0,0
src/Controller/Component/FlashComponent.php,166,Medium,0,0,0,0,0,0,0,0,0,0,0,0,0,0,0,0,0,0,0,0,0,0,0,0,0,0,0,0,0,0,0
src/Controller/Component/PaginatorComponent.php,429,Large,12,1,1,647,1,0,0,0,0,0,0,0,0,0,0,0,0,0,0,0,0,0,0,0,0,647,0,0,0,0,0
src/Controller/Component/SecurityComponent.php,626,Large,36,14,3,364,8,0,0,0,0,0,0,0,0,0,0,0,0,0,0,0,0,0,0,0,169,161,0,34,0,0,0
src/Controller/Controller.php,1271,Large,20,4,3,412,3,0,0,0,0,0,0,0,0,0,0,0,0,0,0,0,0,0,0,0,318,69,0,25,0,0,0
src/Controller/Exception/AuthSecurityException.php,25,Small,0,0,0,0,0,0,0,0,0,0,0,0,0,0,0,0,0,0,0,0,0,0,0,0,0,0,0,0,0,0,0
src/Core/Configure.php,450,Large,2,1,1,17,1,0,0,0,0,0,0,0,0,0,0,0,0,0,0,0,0,0,0,0,17,0,0,0,0,0,0
src/Core/Exception/Exception.php,97,Medium,1,0,0,0,0,0,0,0,0,0,0,0,0,0,0,0,0,0,0,0,0,0,0,0,0,0,0,0,0,0,0
src/Core/InstanceConfigTrait.php,350,Large,0,0,0,0,0,0,0,0,0,0,0,0,0,0,0,0,0,0,0,0,0,0,0,0,0,0,0,0,0,0,0
src/Core/Plugin.php,423,Large,5,0,0,0,0,0,0,0,0,0,0,0,0,0,0,0,0,0,0,0,0,0,0,0,0,0,0,0,0,0,0
src/Core/StaticConfigTrait.php,342,Large,8,6,2,296,3,0,0,0,0,0,0,0,0,0,0,0,0,0,0,0,0,0,0,0,0,252,44,0,0,0,0
src/Database/Connection.php,757,Large,13,0,0,0,0,0,0,0,0,0,0,0,0,0,0,0,0,0,0,0,0,0,0,0,0,0,0,0,0,0,0
src/Database/Dialect/PostgresDialectTrait.php,189,Medium,0,0,0,0,0,0,0,0,0,0,0,0,0,0,0,0,0,0,0,0,0,0,0,0,0,0,0,0,0,0,0
src/Database/Dialect/SqliteDialectTrait.php,246,Medium,0,0,0,0,0,0,0,0,0,0,0,0,0,0,0,0,0,0,0,0,0,0,0,0,0,0,0,0,0,0,0
src/Database/Dialect/SqlserverDialectTrait.php,393,Large,2,1,1,33,1,0,0,0,0,0,0,0,0,0,0,0,0,0,0,0,0,0,0,0,0,0,33,0,0,0,0
src/Database/Driver.php,394,Large,3,0,0,0,0,0,0,0,0,0,0,0,0,0,0,0,0,0,0,0,0,0,0,0,0,0,0,0,0,0,0
src/Database/Driver/Mysql.php,688,Large,0,0,0,0,0,0,0,0,0,0,0,0,0,0,0,0,0,0,0,0,0,0,0,0,0,0,0,0,0,0,0
src/Database/Driver/Sqlserver.php,164,Medium,3,1,1,61,1,0,0,0,0,0,0,0,0,0,0,0,0,0,0,0,0,0,0,0,0,61,0,0,0,0,0
src/Database/Expression/CaseExpression.php,67,Medium,0,0,0,0,0,0,0,0,0,0,0,0,0,0,0,0,0,0,0,0,0,0,0,0,0,0,0,0,0,0,0
src/Database/FunctionsBuilder.php,276,Medium,0,0,0,0,0,0,0,0,0,0,0,0,0,0,0,0,0,0,0,0,0,0,0,0,0,0,0,0,0,0,0
src/Database/Schema/BaseSchema.php,335,Large,0,0,0,0,0,0,0,0,0,0,0,0,0,0,0,0,0,0,0,0,0,0,0,0,0,0,0,0,0,0,0
src/Database/Schema/MysqlSchema.php,566,Large,6,2,2,467,2,0,0,0,0,0,0,0,0,0,0,0,0,0,0,0,0,0,0,0,56,411,0,0,0,0,0
src/Database/Schema/SqliteSchema.php,249,Medium,4,1,1,3,1,0,0,0,0,0,0,0,0,0,0,0,0,0,0,0,0,0,0,0,0,0,3,0,0,0,0
src/Database/Schema/SqlserverSchema.php,298,Medium,8,2,2,75,2,0,0,0,0,0,0,0,0,0,0,0,0,0,0,0,0,0,0,0,60,0,0,15,0,0,0
src/Database/Schema/TableSchema.php,533,Large,0,0,0,0,0,0,0,0,0,0,0,0,0,0,0,0,0,0,0,0,0,0,0,0,0,0,0,0,0,0,0
src/Database/SqlDialectTrait.php,96,Medium,1,0,0,0,0,0,0,0,0,0,0,0,0,0,0,0,0,0,0,0,0,0,0,0,0,0,0,0,0,0,0
src/Database/Statement/StatementDecorator.php,193,Medium,1,0,0,0,0,0,0,0,0,0,0,0,0,0,0,0,0,0,0,0,0,0,0,0,0,0,0,0,0,0,0
src/Database/Type/DateTimeType.php,325,Large,6,5,2,162,2,0,0,0,0,0,0,0,0,0,0,0,0,0,0,0,0,0,0,0,35,0,0,127,0,0,0
src/Datasource/EntityTrait.php,847,Large,9,5,2,75,3,0,0,0,0,0,0,0,0,0,0,0,0,0,0,0,0,0,0,0,60,15,0,0,0,0,0
src/Error/Debugger.php,294,Medium,6,0,0,0,0,0,0,0,0,0,0,0,0,0,0,0,0,0,0,0,0,0,0,0,0,0,0,0,0,0,0
src/Filesystem/File.php,592,Large,4,2,1,20,1,0,0,0,0,0,0,0,0,0,0,0,0,0,0,0,0,0,0,0,0,0,0,20,0,0,0
src/Http/Client.php,1317,Large,1,0,0,0,0,0,0,0,0,0,0,0,0,0,0,0,0,0,0,0,0,0,0,0,0,0,0,0,0,0,0
src/Http/Client/Adapter/Stream.php,836,Large,6,1,1,34,1,0,0,0,0,0,0,0,0,0,0,0,0,0,0,0,0,0,0,0,34,0,0,0,0,0,0
src/Http/Client/Auth/Oauth.php,568,Large,6,0,0,0,0,0,0,0,0,0,0,0,0,0,0,0,0,0,0,0,0,0,0,0,0,0,0,0,0,0,0
src/Http/ControllerFactory.php,284,Medium,3,0,0,0,0,0,0,0,0,0,0,0,0,0,0,0,0,0,0,0,0,0,0,0,0,0,0,0,0,0,0
src/Http/Response.php,284,Medium,29,6,2,81,2,0,0,0,0,0,0,0,0,0,0,0,0,0,0,0,0,0,0,0,0,15,0,66,0,0,0
src/Http/ServerRequest.php,1059,Large,10,4,2,103,2,0,0,0,0,0,0,0,0,0,0,0,0,0,0,0,0,0,0,0,0,15,0,88,0,0,0
src/Http/ServerRequestFactory.php,542,Large,4,1,1,426,1,0,0,0,0,0,0,0,0,0,0,0,0,0,0,0,0,0,0,0,0,426,0,0,0,0,0
src/I18n/FrozenTime.php,769,Large,2,0,0,0,0,0,0,0,0,0,0,0,0,0,0,0,0,0,0,0,0,0,0,0,0,0,0,0,0,0,0
src/I18n/Number.php,719,Large,1,0,0,0,0,0,0,0,0,0,0,0,0,0,0,0,0,0,0,0,0,0,0,0,0,0,0,0,0,0,0
src/I18n/Parser/MoFileParser.php,162,Medium,0,0,0,0,0,0,0,0,0,0,0,0,0,0,0,0,0,0,0,0,0,0,0,0,0,0,0,0,0,0,0
src/I18n/Parser/PoFileParser.php,262,Medium,5,0,0,0,0,0,0,0,0,0,0,0,0,0,0,0,0,0,0,0,0,0,0,0,0,0,0,0,0,0,0
src/I18n/PluralRules.php,560,Large,0,0,0,0,0,0,0,0,0,0,0,0,0,0,0,0,0,0,0,0,0,0,0,0,0,0,0,0,0,0,0
src/I18n/RelativeTimeFormatter.php,383,Large,7,0,0,0,0,0,0,0,0,0,0,0,0,0,0,0,0,0,0,0,0,0,0,0,0,0,0,0,0,0,0
src/I18n/Time.php,185,Medium,4,2,1,11,2,0,0,0,0,0,0,0,0,0,0,0,0,0,0,0,0,0,0,0,11,0,0,0,0,0,0
src/I18n/Translator.php,352,Large,7,1,1,73,1,0,0,0,0,0,0,0,0,0,0,0,0,0,0,0,0,0,0,0,0,0,73,0,0,0,0
src/I18n/TranslatorRegistry.php,1018,Large,2,0,0,0,0,0,0,0,0,0,0,0,0,0,0,0,0,0,0,0,0,0,0,0,0,0,0,0,0,0,0
src/Log/Log.php,200,Medium,5,1,1,13,1,0,0,0,0,0,0,0,0,0,0,0,0,0,0,0,0,0,0,0,0,13,0,0,0,0,0
src/Mailer/Transport/SmtpTransport.php,175,Medium,1,0,0,0,0,0,0,0,0,0,0,0,0,0,0,0,0,0,0,0,0,0,0,0,0,0,0,0,0,0,0
src/Network/Socket.php,248,Medium,1,0,0,0,0,0,0,0,0,0,0,0,0,0,0,0,0,0,0,0,0,0,0,0,0,0,0,0,0,0,0
src/ORM/Association/HasMany.php,125,Medium,9,4,1,129,2,0,0,0,0,0,0,0,0,0,0,0,0,0,0,0,0,0,0,0,0,129,0,0,0,0,0
src/ORM/Behavior/CounterCacheBehavior.php,385,Large,6,2,1,123,1,0,0,0,0,0,0,0,0,0,0,0,0,0,0,0,0,0,0,0,0,0,0,123,0,0,0
src/ORM/Behavior/TranslateBehavior.php,2456,Large,13,3,2,69,2,0,0,0,0,0,0,0,0,0,0,0,0,0,0,0,0,0,0,0,22,47,0,0,0,0,0
src/ORM/EagerLoadable.php,338,Large,1,1,1,89,1,0,0,0,0,0,0,0,0,0,0,0,0,0,0,0,0,0,0,0,0,89,0,0,0,0,0
src/ORM/Marshaller.php,319,Large,26,13,4,184,5,0,0,0,0,0,0,0,0,0,0,0,0,0,0,0,0,0,0,0,20,71,39,54,0,0,0
src/Routing/Route/RedirectRoute.php,280,Medium,0,0,0,0,0,0,0,0,0,0,0,0,0,0,0,0,0,0,0,0,0,0,0,0,0,0,0,0,0,0,0
src/Routing/Route/Route.php,149,Medium,14,4,2,100,2,0,0,0,0,0,0,0,0,0,0,0,0,0,0,0,0,0,0,0,32,68,0,0,0,0,0
src/Shell/Task/ExtractTask.php,377,Large,2,0,0,0,0,0,0,0,0,0,0,0,0,0,0,0,0,0,0,0,0,0,0,0,0,0,0,0,0,0,0
src/TestSuite/Fixture/TestFixture.php,487,Large,2,0,0,0,0,0,0,0,0,0,0,0,0,0,0,0,0,0,0,0,0,0,0,0,0,0,0,0,0,0,0
src/Utility/Hash.php,284,Medium,12,2,2,71,2,0,0,0,0,0,0,0,0,0,0,0,0,0,0,0,0,0,0,0,48,0,0,23,0,0,0
src/Utility/Inflector.php,443,Large,1,0,0,0,0,0,0,0,0,0,0,0,0,0,0,0,0,0,0,0,0,0,0,0,0,0,0,0,0,0,0
src/Utility/Text.php,562,Large,6,2,2,84,2,0,0,0,0,0,0,0,0,0,0,0,0,0,0,0,0,0,0,0,34,0,0,50,0,0,0
src/Validation/Validator.php,327,Large,12,6,2,510,2,0,0,0,0,0,0,0,0,0,0,0,0,0,0,0,0,0,0,0,386,0,0,124,0,0,0
src/View/Cell.php,318,Large,2,0,0,0,0,0,0,0,0,0,0,0,0,0,0,0,0,0,0,0,0,0,0,0,0,0,0,0,0,0,0
src/View/Form/EntityContext.php,899,Large,8,2,2,109,2,0,0,0,0,0,0,0,0,0,0,0,0,0,0,0,0,0,0,0,67,0,42,0,0,0,0
src/View/Helper/BreadcrumbsHelper.php,475,Large,6,4,1,128,2,0,0,0,0,0,0,0,0,0,0,0,0,0,0,0,0,0,0,0,0,128,0,0,0,0,0
src/View/Helper/NumberHelper.php,245,Medium,1,0,0,0,0,0,0,0,0,0,0,0,0,0,0,0,0,0,0,0,0,0,0,0,0,0,0,0,0,0,0
src/View/Helper/PaginatorHelper.php,345,Large,12,2,1,75,1,0,0,0,0,0,0,0,0,0,0,0,0,0,0,0,0,0,0,0,75,0,0,0,0,0,0
src/View/Helper/RssHelper.php,363,Large,1,0,0,0,0,0,0,0,0,0,0,0,0,0,0,0,0,0,0,0,0,0,0,0,0,0,0,0,0,0,0
src/View/Helper/TextHelper.php,399,Large,8,3,1,7,1,0,0,0,0,0,0,0,0,0,0,0,0,0,0,0,0,0,0,0,0,7,0,0,0,0,0
src/View/Helper/TimeHelper.php,617,Large,1,0,0,0,0,0,0,0,0,0,0,0,0,0,0,0,0,0,0,0,0,0,0,0,0,0,0,0,0,0,0
src/View/Helper/UrlHelper.php,107,Medium,3,0,0,0,0,0,0,0,0,0,0,0,0,0,0,0,0,0,0,0,0,0,0,0,0,0,0,0,0,0,0
src/View/ViewBuilder.php,300,Large,5,0,0,0,0,0,0,0,0,0,0,0,0,0,0,0,0,0,0,0,0,0,0,0,0,0,0,0,0,0,0
src/View/ViewVarsTrait.php,288,Medium,3,0,0,0,0,0,0,0,0,0,0,0,0,0,0,0,0,0,0,0,0,0,0,0,0,0,0,0,0,0,0
src/View/Widget/MultiCheckboxWidget.php,1761,Large,12,1,1,21,1,0,0,0,0,0,0,0,0,0,0,0,0,0,0,0,0,0,0,0,0,21,0,0,0,0,0
src/View/Widget/RadioWidget.php,427,Large,5,4,1,28,2,0,0,0,0,0,0,0,0,0,0,0,0,0,0,0,0,0,0,0,0,28,0,0,0,0,0
src/View/Widget/SelectBoxWidget.php,175,Medium,1,0,0,0,0,0,0,0,0,0,0,0,0,0,0,0,0,0,0,0,0,0,0,0,0,0,0,0,0,0,0
src/View/XmlView.php,111,Medium,1,0,0,0,0,0,0,0,0,0,0,0,0,0,0,0,0,0,0,0,0,0,0,0,0,0,0,0,0,0,0
,,,,,,,0,,,,,,,,,,,,,,,,,,,,,,,,,,
,,,,,,,0,,,,,,,,,,,,,,,,,,,,,,,,,,
,,,,,,,0,,,,,,,,,,,,,,,,,,,,,,,,,,
,,,,,,,0,,,,,,,,,,,,,,,,,,,,,,,,,,