class,classsize,classtype,bugsAftersmells,BugsBeforeSmells,FixingCommits,codechurn,commitsexhibting,v1.0.0,v1.4.0,v1.6.0,v1.8.0,v1.1.0,v2.0.0,v2.2.1,v2.3.0,v2.4.1,v2.6.1,v2.8.3,v2.11.2,v2.12.1,v2.14.0,v2.14.1,v2.15.0,v2.16.4,v2.16.5,v2.17.1,v2.18.0,v3.0.0,v3.1.1,v3.2.0,v3.2.1,v3.3.0,v3.4.0,v3.5.0,v3.5.1,v3.6.0,v3.7.0,v3.8.0,v3.8.1,v3.9.0,v3.9.1,v3.10.0,v3.12.0,v3.13.0,v3.13.1
core/API/DocumentationGenerator.php,390,Large,19,7,4,493,4,0,0,0,39,18,0,0,0,128,0,0,0,0,0,0,0,0,0,0,0,0,0,0,308,0,0,0,0,0,0,0,0,0,0,0,0,0,0
core/Archive.php,70,Medium,63,24,9,857,14,28,106,21,41,144,39,0,0,0,0,97,98,0,0,0,0,0,0,0,0,0,0,0,283,0,0,0,0,0,0,0,0,0,0,0,0,0,0
core/Archive/Array/IndexedByDate.php,159,Medium,6,0,0,0,0,0,0,0,0,0,0,0,0,0,0,0,0,0,0,0,0,0,0,0,0,0,0,0,0,0,0,0,0,0,0,0,0,0,0,0,0,0,0
core/Archive/Single.php,619,Large,33,11,2,50,4,35,15,0,0,0,0,0,0,0,0,0,0,0,0,0,0,0,0,0,0,0,0,0,0,0,0,0,0,0,0,0,0,0,0,0,0,0,0
core/ArchiveProcessing.php,1054,Large,80,27,5,660,8,97,99,163,256,45,0,0,0,0,0,0,0,0,0,0,0,0,0,0,0,0,0,0,0,0,0,0,0,0,0,0,0,0,0,0,0,0,0
core/ArchiveProcessing/Day.php,108,Medium,59,26,4,1224,9,37,228,827,132,0,0,0,0,0,0,0,0,0,0,0,0,0,0,0,0,0,0,0,0,0,0,0,0,0,0,0,0,0,0,0,0,0,0
core/ArchiveProcessing/Period.php,451,Large,29,7,2,311,3,72,0,0,239,0,0,0,0,0,0,0,0,0,0,0,0,0,0,0,0,0,0,0,0,0,0,0,0,0,0,0,0,0,0,0,0,0,0
core/Common.php,1320,Large,221,56,5,360,17,56,0,57,100,60,0,0,0,87,0,0,0,0,0,0,0,0,0,0,0,0,0,0,0,0,0,0,0,0,0,0,0,0,0,0,0,0,0
core/Controller.php,73,Medium,53,20,4,416,6,35,0,65,135,181,0,0,0,0,0,0,0,0,0,0,0,0,0,0,0,0,0,0,0,0,0,0,0,0,0,0,0,0,0,0,0,0,0
core/DataTable.php,1934,Large,51,18,6,1413,8,0,0,0,47,647,0,0,0,0,137,129,130,0,0,0,0,0,0,0,0,0,0,0,323,0,0,0,0,0,0,0,0,0,0,0,0,0,0
core/DataTable/Filter.php,84,Medium,7,2,2,115,2,76,0,0,0,39,0,0,0,0,0,0,0,0,0,0,0,0,0,0,0,0,0,0,0,0,0,0,0,0,0,0,0,0,0,0,0,0,0
/Filter/AddColumnsProcessedMetricsGoal.php,165,Medium,29,12,5,218,6,39,54,42,0,43,0,0,0,0,40,0,0,0,0,0,0,0,0,0,0,0,0,0,0,0,0,0,0,0,0,0,0,0,0,0,0,0,0
core/DataTable/Renderer/Console.php,34,Small,21,6,3,193,3,49,0,0,110,34,0,0,0,0,0,0,0,0,0,0,0,0,0,0,0,0,0,0,0,0,0,0,0,0,0,0,0,0,0,0,0,0,0
core/DataTable/Renderer/Csv.php,63,Medium,28,13,5,1157,5,64,0,96,115,835,0,0,0,0,0,0,0,0,0,0,0,0,0,0,0,0,0,0,47,0,0,0,0,0,0,0,0,0,0,0,0,0,0
core/DataTable/Renderer/Html.php,58,Small,16,7,4,1800,2,31,0,0,110,1618,0,0,0,0,0,0,0,0,0,0,0,0,0,0,0,0,0,0,41,0,0,0,0,0,0,0,0,0,0,0,0,0,0
core/DataTable/Renderer/Rss.php,25,Small,18,5,3,407,2,15,0,0,0,45,0,0,0,0,0,0,0,0,0,0,0,0,0,0,0,0,0,0,347,0,0,0,0,0,0,0,0,0,0,0,0,0,0
core/DataTable/Renderer/Xml.php,43,Small,29,10,5,1324,4,112,0,0,160,887,0,0,0,135,0,0,0,0,0,0,0,0,0,0,0,0,0,0,30,0,0,0,0,0,0,0,0,0,0,0,0,0,0
core/DataTable/Row.php,42,Small,43,9,3,414,3,0,0,0,72,139,0,0,0,0,0,0,0,0,0,0,0,0,0,0,0,0,0,0,203,0,0,0,0,0,0,0,0,0,0,0,0,0,0
core/Date.php,259,Medium,21,2,2,227,2,0,0,0,0,0,0,0,0,0,11,0,0,216,0,0,0,0,0,0,0,0,0,0,0,0,0,0,0,0,0,0,0,0,0,0,0,0,0
core/Db/Schema.php,211,Medium,10,3,1,23,2,0,0,0,0,0,23,0,0,0,0,0,0,0,0,0,0,0,0,0,0,0,0,0,0,0,0,0,0,0,0,0,0,0,0,0,0,0,0
core/Db/Schema/Myisam.php,549,Large,26,8,5,464,4,81,86,111,0,129,57,0,0,0,0,0,0,0,0,0,0,0,0,0,0,0,0,0,0,0,0,0,0,0,0,0,0,0,0,0,0,0,0
core/FrontController.php,724,Large,139,43,8,799,16,33,76,148,0,110,39,0,0,0,59,0,0,0,0,0,0,0,0,0,252,0,82,0,0,0,0,0,0,0,0,0,0,0,0,0,0,0,0
core/Http.php,909,Large,52,3,2,76,3,0,0,42,0,0,0,0,0,0,0,0,0,0,0,0,0,0,0,0,0,0,0,0,34,0,0,0,0,0,0,0,0,0,0,0,0,0,0
core/IP.php,191,Medium,35,6,4,743,5,334,239,50,0,120,0,0,0,0,0,0,0,0,0,0,0,0,0,0,0,0,0,0,0,0,0,0,0,0,0,0,0,0,0,0,0,0,0
core/Loader.php,141,Medium,6,4,1,32,2,0,0,0,0,32,0,0,0,0,0,0,0,0,0,0,0,0,0,0,0,0,0,0,0,0,0,0,0,0,0,0,0,0,0,0,0,0,0
core/Log.php,256,Medium,43,22,2,69,6,15,0,0,0,54,0,0,0,0,0,0,0,0,0,0,0,0,0,0,0,0,0,0,0,0,0,0,0,0,0,0,0,0,0,0,0,0,0
core/Log/Error.php,226,Medium,10,0,0,0,0,0,0,0,0,0,0,0,0,0,0,0,0,0,0,0,0,0,0,0,0,0,0,0,0,0,0,0,0,0,0,0,0,0,0,0,0,0,0
core/Period/Range.php,556,Large,30,11,4,304,7,109,0,0,0,134,0,0,0,0,33,0,0,28,0,0,0,0,0,0,0,0,0,0,0,0,0,0,0,0,0,0,0,0,0,0,0,0,0
core/Piwik.php,842,Large,225,87,9,1279,18,124,116,70,84,144,92,0,0,0,257,0,0,0,0,0,0,0,0,0,218,0,0,0,174,0,0,0,0,0,0,0,0,0,0,0,0,0,0
core/Plugin.php,16,Small,12,2,2,52,2,0,0,0,0,26,0,0,0,0,0,0,0,0,0,0,0,0,0,0,0,0,26,0,0,0,0,0,0,0,0,0,0,0,0,0,0,0,0
core/PluginsManager.php,680,Large,50,26,3,237,6,91,0,0,68,78,0,0,0,0,0,0,0,0,0,0,0,0,0,0,0,0,0,0,0,0,0,0,0,0,0,0,0,0,0,0,0,0,0
core/ProxyHeaders.php,87,Medium,1,0,0,0,0,0,0,0,0,0,0,0,0,0,0,0,0,0,0,0,0,0,0,0,0,0,0,0,0,0,0,0,0,0,0,0,0,0,0,0,0,0,0
core/ReportRenderer/Pdf.php,556,Large,40,9,4,1880,6,0,934,143,66,737,0,0,0,0,0,0,0,0,0,0,0,0,0,0,0,0,0,0,0,0,0,0,0,0,0,0,0,0,0,0,0,0,0
core/SegmentExpression.php,484,Large,8,3,2,93,2,0,0,25,0,68,0,0,0,0,0,0,0,0,0,0,0,0,0,0,0,0,0,0,0,0,0,0,0,0,0,0,0,0,0,0,0,0,0
core/Session.php,883,Large,35,7,3,163,4,0,57,0,0,0,46,0,0,0,60,0,0,0,0,0,0,0,0,0,0,0,0,0,0,0,0,0,0,0,0,0,0,0,0,0,0,0,0
core/SmartyPlugins/modifier.escape.php,93,Medium,1,0,0,0,0,0,0,0,0,0,0,0,0,0,0,0,0,0,0,0,0,0,0,0,0,0,0,0,0,0,0,0,0,0,0,0,0,0,0,0,0,0,0
core/TaskScheduler.php,120,Medium,18,7,3,11854,4,0,0,97,0,11540,217,0,0,0,0,0,0,0,0,0,0,0,0,0,0,0,0,0,0,0,0,0,0,0,0,0,0,0,0,0,0,0,0
core/Tracker.php,342,Large,166,63,7,1768,19,68,28,0,71,346,186,0,0,95,974,0,0,0,0,0,0,0,0,0,0,0,0,0,0,0,0,0,0,0,0,0,0,0,0,0,0,0,0
core/Tracker/Db.php,286,Medium,1,0,0,0,0,0,0,0,0,0,0,0,0,0,0,0,0,0,0,0,0,0,0,0,0,0,0,0,0,0,0,0,0,0,0,0,0,0,0,0,0,0,0
core/Tracker/GoalManager.php,298,Medium,99,38,7,3203,18,90,530,0,0,105,51,0,0,0,2158,127,142,0,0,0,0,0,0,0,0,0,0,0,0,0,0,0,0,0,0,0,0,0,0,0,0,0,0
core/Tracker/Visit.php,38,Small,272,82,10,1818,26,168,69,345,76,403,95,193,0,0,0,103,104,262,0,0,0,0,0,0,0,0,0,0,0,0,0,0,0,0,0,0,0,0,0,0,0,0,0
core/Updates.php,164,Medium,5,0,0,0,0,0,0,0,0,0,0,0,0,0,0,0,0,0,0,0,0,0,0,0,0,0,0,0,0,0,0,0,0,0,0,0,0,0,0,0,0,0,0
core/Url.php,756,Large,67,22,7,1285,12,26,0,76,74,0,56,0,0,937,0,0,62,0,54,0,0,0,0,0,0,0,0,0,0,0,0,0,0,0,0,0,0,0,0,0,0,0,0
core/View.php,53,Small,64,16,5,216,9,16,17,21,0,91,71,0,0,0,0,0,0,0,0,0,0,0,0,0,0,0,0,0,0,0,0,0,0,0,0,0,0,0,0,0,0,0,0
core/ViewDataTable.php,565,Large,124,96,4,521,16,20,221,175,0,105,0,0,0,0,0,0,0,0,0,0,0,0,0,0,0,0,0,0,0,0,0,0,0,0,0,0,0,0,0,0,0,0,0
/GenerateGraphData/ChartEvolution.php,29,Small,9,3,2,99,2,0,0,0,84,15,0,0,0,0,0,0,0,0,0,0,0,0,0,0,0,0,0,0,0,0,0,0,0,0,0,0,0,0,0,0,0,0,0
core/ViewDataTable/HtmlTable/Goals.php,204,Medium,26,10,5,617,5,16,133,65,12,391,0,0,0,0,0,0,0,0,0,0,0,0,0,0,0,0,0,0,0,0,0,0,0,0,0,0,0,0,0,0,0,0,0
libs/HTML/QuickForm2/Node.php,693,Large,0,0,0,0,0,0,0,0,0,0,0,0,0,0,0,0,0,0,0,0,0,0,0,0,0,0,0,0,0,0,0,0,0,0,0,0,0,0,0,0,0,0,0
libs/PiwikTracker/PiwikTracker.php,342,Large,66,32,5,1105,9,290,71,0,194,419,0,0,0,131,0,0,0,0,0,0,0,0,0,0,0,0,0,0,0,0,0,0,0,0,0,0,0,0,0,0,0,0,0
libs/UserAgentParser/UserAgentParser.php,729,Large,45,10,3,217,4,0,156,46,15,0,0,0,0,0,0,0,0,0,0,0,0,0,0,0,0,0,0,0,0,0,0,0,0,0,0,0,0,0,0,0,0,0,0
libs/Zend/Auth/Adapter/Http.php,909,Large,1,0,0,0,0,0,0,0,0,0,0,0,0,0,0,0,0,0,0,0,0,0,0,0,0,0,0,0,0,0,0,0,0,0,0,0,0,0,0,0,0,0,0
libs/Zend/Auth/Adapter/Http/Resolver/File.php,85,Medium,0,0,0,0,0,0,0,0,0,0,0,0,0,0,0,0,0,0,0,0,0,0,0,0,0,0,0,0,0,0,0,0,0,0,0,0,0,0,0,0,0,0,0
libs/Zend/Auth/Adapter/Ldap.php,528,Large,2,0,0,0,0,0,0,0,0,0,0,0,0,0,0,0,0,0,0,0,0,0,0,0,0,0,0,0,0,0,0,0,0,0,0,0,0,0,0,0,0,0,0
libs/Zend/Cache/Backend.php,268,Medium,0,0,0,0,0,0,0,0,0,0,0,0,0,0,0,0,0,0,0,0,0,0,0,0,0,0,0,0,0,0,0,0,0,0,0,0,0,0,0,0,0,0,0
libs/Zend/Cache/Backend/File.php,85,Medium,1,0,0,0,0,0,0,0,0,0,0,0,0,0,0,0,0,0,0,0,0,0,0,0,0,0,0,0,0,0,0,0,0,0,0,0,0,0,0,0,0,0,0
libs/Zend/Cache/Backend/Libmemcached.php,484,Large,0,0,0,0,0,0,0,0,0,0,0,0,0,0,0,0,0,0,0,0,0,0,0,0,0,0,0,0,0,0,0,0,0,0,0,0,0,0,0,0,0,0,0
libs/Zend/Cache/Backend/Memcached.php,504,Large,0,0,0,0,0,0,0,0,0,0,0,0,0,0,0,0,0,0,0,0,0,0,0,0,0,0,0,0,0,0,0,0,0,0,0,0,0,0,0,0,0,0,0
libs/Zend/Cache/Backend/Sqlite.php,297,Medium,1,0,0,0,0,0,0,0,0,0,0,0,0,0,0,0,0,0,0,0,0,0,0,0,0,0,0,0,0,0,0,0,0,0,0,0,0,0,0,0,0,0,0
libs/Zend/Cache/Backend/Static.php,564,Large,6,1,1,68,1,68,0,0,0,0,0,0,0,0,0,0,0,0,0,0,0,0,0,0,0,0,0,0,0,0,0,0,0,0,0,0,0,0,0,0,0,0,0
libs/Zend/Cache/Backend/Test.php,413,Large,2,0,0,0,0,0,0,0,0,0,0,0,0,0,0,0,0,0,0,0,0,0,0,0,0,0,0,0,0,0,0,0,0,0,0,0,0,0,0,0,0,0,0
libs/Zend/Cache/Backend/TwoLevels.php,536,Large,1,0,0,0,0,0,0,0,0,0,0,0,0,0,0,0,0,0,0,0,0,0,0,0,0,0,0,0,0,0,0,0,0,0,0,0,0,0,0,0,0,0,0
libs/Zend/Cache/Backend/Xcache.php,221,Medium,1,0,0,0,0,0,0,0,0,0,0,0,0,0,0,0,0,0,0,0,0,0,0,0,0,0,0,0,0,0,0,0,0,0,0,0,0,0,0,0,0,0,0
libs/Zend/Cache/Backend/ZendPlatform.php,317,Large,0,0,0,0,0,0,0,0,0,0,0,0,0,0,0,0,0,0,0,0,0,0,0,0,0,0,0,0,0,0,0,0,0,0,0,0,0,0,0,0,0,0,0
libs/Zend/Cache/Core.php,764,Large,3,0,0,0,0,0,0,0,0,0,0,0,0,0,0,0,0,0,0,0,0,0,0,0,0,0,0,0,0,0,0,0,0,0,0,0,0,0,0,0,0,0,0
libs/Zend/Cache/Frontend/Function.php,179,Medium,1,0,0,0,0,0,0,0,0,0,0,0,0,0,0,0,0,0,0,0,0,0,0,0,0,0,0,0,0,0,0,0,0,0,0,0,0,0,0,0,0,0,0
libs/Zend/Cache/Frontend/Page.php,404,Large,1,0,0,0,0,0,0,0,0,0,0,0,0,0,0,0,0,0,0,0,0,0,0,0,0,0,0,0,0,0,0,0,0,0,0,0,0,0,0,0,0,0,0
libs/Zend/Cache/Manager.php,298,Medium,0,0,0,0,0,0,0,0,0,0,0,0,0,0,0,0,0,0,0,0,0,0,0,0,0,0,0,0,0,0,0,0,0,0,0,0,0,0,0,0,0,0,0
libs/Zend/Config.php,99,Medium,1,0,0,0,0,0,0,0,0,0,0,0,0,0,0,0,0,0,0,0,0,0,0,0,0,0,0,0,0,0,0,0,0,0,0,0,0,0,0,0,0,0,0
libs/Zend/Config/Ini.php,193,Medium,0,0,0,0,0,0,0,0,0,0,0,0,0,0,0,0,0,0,0,0,0,0,0,0,0,0,0,0,0,0,0,0,0,0,0,0,0,0,0,0,0,0,0
libs/Zend/Config/Json.php,111,Medium,0,0,0,0,0,0,0,0,0,0,0,0,0,0,0,0,0,0,0,0,0,0,0,0,0,0,0,0,0,0,0,0,0,0,0,0,0,0,0,0,0,0,0
libs/Zend/Config/Xml.php,43,Small,0,0,0,0,0,0,0,0,0,0,0,0,0,0,0,0,0,0,0,0,0,0,0,0,0,0,0,0,0,0,0,0,0,0,0,0,0,0,0,0,0,0,0
libs/Zend/Config/Yaml.php,381,Large,3,0,0,0,0,0,0,0,0,0,0,0,0,0,0,0,0,0,0,0,0,0,0,0,0,0,0,0,0,0,0,0,0,0,0,0,0,0,0,0,0,0,0
libs/Zend/Db.php,286,Medium,1,0,0,0,0,0,0,0,0,0,0,0,0,0,0,0,0,0,0,0,0,0,0,0,0,0,0,0,0,0,0,0,0,0,0,0,0,0,0,0,0,0,0
libs/Zend/Db/Adapter/Abstract.php,456,Large,2,0,0,0,0,0,0,0,0,0,0,0,0,0,0,0,0,0,0,0,0,0,0,0,0,0,0,0,0,0,0,0,0,0,0,0,0,0,0,0,0,0,0
libs/Zend/Db/Adapter/Db2.php,360,Large,1,0,0,0,0,0,0,0,0,0,0,0,0,0,0,0,0,0,0,0,0,0,0,0,0,0,0,0,0,0,0,0,0,0,0,0,0,0,0,0,0,0,0
libs/Zend/Db/Adapter/Mysqli.php,362,Large,1,0,0,0,0,0,0,0,0,0,0,0,0,0,0,0,0,0,0,0,0,0,0,0,0,0,0,0,0,0,0,0,0,0,0,0,0,0,0,0,0,0,0
libs/Zend/Db/Adapter/Oracle.php,577,Large,1,0,0,0,0,0,0,0,0,0,0,0,0,0,0,0,0,0,0,0,0,0,0,0,0,0,0,0,0,0,0,0,0,0,0,0,0,0,0,0,0,0,0
libs/Zend/Db/Adapter/Pdo/Mssql.php,423,Large,1,0,0,0,0,0,0,0,0,0,0,0,0,0,0,0,0,0,0,0,0,0,0,0,0,0,0,0,0,0,0,0,0,0,0,0,0,0,0,0,0,0,0
libs/Zend/Db/Adapter/Pdo/Mysql.php,270,Medium,0,0,0,0,0,0,0,0,0,0,0,0,0,0,0,0,0,0,0,0,0,0,0,0,0,0,0,0,0,0,0,0,0,0,0,0,0,0,0,0,0,0,0
libs/Zend/Db/Adapter/Sqlsrv.php,440,Large,2,0,0,0,0,0,0,0,0,0,0,0,0,0,0,0,0,0,0,0,0,0,0,0,0,0,0,0,0,0,0,0,0,0,0,0,0,0,0,0,0,0,0
libs/Zend/Db/Select.php,224,Medium,1,0,0,0,0,0,0,0,0,0,0,0,0,0,0,0,0,0,0,0,0,0,0,0,0,0,0,0,0,0,0,0,0,0,0,0,0,0,0,0,0,0,0
libs/Zend/Db/Statement.php,485,Large,0,0,0,0,0,0,0,0,0,0,0,0,0,0,0,0,0,0,0,0,0,0,0,0,0,0,0,0,0,0,0,0,0,0,0,0,0,0,0,0,0,0,0
libs/Zend/Db/Statement/Db2.php,360,Large,0,0,0,0,0,0,0,0,0,0,0,0,0,0,0,0,0,0,0,0,0,0,0,0,0,0,0,0,0,0,0,0,0,0,0,0,0,0,0,0,0,0,0
libs/Zend/Db/Statement/Mysqli.php,362,Large,1,0,0,0,0,0,0,0,0,0,0,0,0,0,0,0,0,0,0,0,0,0,0,0,0,0,0,0,0,0,0,0,0,0,0,0,0,0,0,0,0,0,0
libs/Zend/Db/Statement/Oracle.php,577,Large,1,0,0,0,0,0,0,0,0,0,0,0,0,0,0,0,0,0,0,0,0,0,0,0,0,0,0,0,0,0,0,0,0,0,0,0,0,0,0,0,0,0,0
libs/Zend/Db/Statement/Pdo.php,439,Large,0,0,0,0,0,0,0,0,0,0,0,0,0,0,0,0,0,0,0,0,0,0,0,0,0,0,0,0,0,0,0,0,0,0,0,0,0,0,0,0,0,0,0
libs/Zend/Db/Statement/Sqlsrv.php,440,Large,0,0,0,0,0,0,0,0,0,0,0,0,0,0,0,0,0,0,0,0,0,0,0,0,0,0,0,0,0,0,0,0,0,0,0,0,0,0,0,0,0,0,0
libs/Zend/Db/Table/Abstract.php,456,Large,5,1,1,61,1,0,61,0,0,0,0,0,0,0,0,0,0,0,0,0,0,0,0,0,0,0,0,0,0,0,0,0,0,0,0,0,0,0,0,0,0,0,0
libs/Zend/Db/Table/Row/Abstract.php,456,Large,0,0,0,0,0,0,0,0,0,0,0,0,0,0,0,0,0,0,0,0,0,0,0,0,0,0,0,0,0,0,0,0,0,0,0,0,0,0,0,0,0,0,0
libs/Zend/Db/Table/Rowset/Abstract.php,456,Large,2,0,0,0,0,0,0,0,0,0,0,0,0,0,0,0,0,0,0,0,0,0,0,0,0,0,0,0,0,0,0,0,0,0,0,0,0,0,0,0,0,0,0
libs/Zend/Exception.php,19,Small,1,0,0,0,0,0,0,0,0,0,0,0,0,0,0,0,0,0,0,0,0,0,0,0,0,0,0,0,0,0,0,0,0,0,0,0,0,0,0,0,0,0,0
libs/Zend/Feed.php,81,Medium,0,0,0,0,0,0,0,0,0,0,0,0,0,0,0,0,0,0,0,0,0,0,0,0,0,0,0,0,0,0,0,0,0,0,0,0,0,0,0,0,0,0,0
libs/Zend/Feed/Atom.php,131,Medium,0,0,0,0,0,0,0,0,0,0,0,0,0,0,0,0,0,0,0,0,0,0,0,0,0,0,0,0,0,0,0,0,0,0,0,0,0,0,0,0,0,0,0
libs/Zend/Feed/Builder.php,398,Large,0,0,0,0,0,0,0,0,0,0,0,0,0,0,0,0,0,0,0,0,0,0,0,0,0,0,0,0,0,0,0,0,0,0,0,0,0,0,0,0,0,0,0
libs/Zend/Feed/Element.php,133,Medium,0,0,0,0,0,0,0,0,0,0,0,0,0,0,0,0,0,0,0,0,0,0,0,0,0,0,0,0,0,0,0,0,0,0,0,0,0,0,0,0,0,0,0
libs/Zend/Feed/Entry/Atom.php,131,Medium,0,0,0,0,0,0,0,0,0,0,0,0,0,0,0,0,0,0,0,0,0,0,0,0,0,0,0,0,0,0,0,0,0,0,0,0,0,0,0,0,0,0,0
libs/Zend/Feed/Pubsubhubbub/Subscriber.php,860,Large,1,0,0,0,0,0,0,0,0,0,0,0,0,0,0,0,0,0,0,0,0,0,0,0,0,0,0,0,0,0,0,0,0,0,0,0,0,0,0,0,0,0,0
/Feed/Pubsubhubbub/Subscriber/Callback.php,174,Medium,2,0,0,0,0,0,0,0,0,0,0,0,0,0,0,0,0,0,0,0,0,0,0,0,0,0,0,0,0,0,0,0,0,0,0,0,0,0,0,0,0,0,0
libs/Zend/Feed/Reader.php,735,Large,2,0,0,0,0,0,0,0,0,0,0,0,0,0,0,0,0,0,0,0,0,0,0,0,0,0,0,0,0,0,0,0,0,0,0,0,0,0,0,0,0,0,0
libs/Zend/Feed/Reader/Entry/Rss.php,25,Small,1,0,0,0,0,0,0,0,0,0,0,0,0,0,0,0,0,0,0,0,0,0,0,0,0,0,0,0,0,0,0,0,0,0,0,0,0,0,0,0,0,0,0
libs/Zend/Feed/Reader/Extension/Atom/Entry.php,96,Medium,2,0,0,0,0,0,0,0,0,0,0,0,0,0,0,0,0,0,0,0,0,0,0,0,0,0,0,0,0,0,0,0,0,0,0,0,0,0,0,0,0,0,0
libs/Zend/Feed/Reader/Feed/Rss.php,25,Small,3,0,0,0,0,0,0,0,0,0,0,0,0,0,0,0,0,0,0,0,0,0,0,0,0,0,0,0,0,0,0,0,0,0,0,0,0,0,0,0,0,0,0
libs/Zend/Feed/Reader/FeedSet.php,148,Medium,1,0,0,0,0,0,0,0,0,0,0,0,0,0,0,0,0,0,0,0,0,0,0,0,0,0,0,0,0,0,0,0,0,0,0,0,0,0,0,0,0,0,0
libs/Zend/Feed/Rss.php,25,Small,0,0,0,0,0,0,0,0,0,0,0,0,0,0,0,0,0,0,0,0,0,0,0,0,0,0,0,0,0,0,0,0,0,0,0,0,0,0,0,0,0,0,0
libs/Zend/Feed/Writer.php,388,Large,1,0,0,0,0,0,0,0,0,0,0,0,0,0,0,0,0,0,0,0,0,0,0,0,0,0,0,0,0,0,0,0,0,0,0,0,0,0,0,0,0,0,0
libs/Zend/Feed/Writer/Deleted.php,121,Medium,1,0,0,0,0,0,0,0,0,0,0,0,0,0,0,0,0,0,0,0,0,0,0,0,0,0,0,0,0,0,0,0,0,0,0,0,0,0,0,0,0,0,0
libs/Zend/Feed/Writer/Entry.php,96,Medium,2,0,0,0,0,0,0,0,0,0,0,0,0,0,0,0,0,0,0,0,0,0,0,0,0,0,0,0,0,0,0,0,0,0,0,0,0,0,0,0,0,0,0
libs/Zend/Feed/Writer/Feed.php,81,Medium,0,0,0,0,0,0,0,0,0,0,0,0,0,0,0,0,0,0,0,0,0,0,0,0,0,0,0,0,0,0,0,0,0,0,0,0,0,0,0,0,0,0,0
libs/Zend/Feed/Writer/Feed/FeedAbstract.php,872,Large,2,0,0,0,0,0,0,0,0,0,0,0,0,0,0,0,0,0,0,0,0,0,0,0,0,0,0,0,0,0,0,0,0,0,0,0,0,0,0,0,0,0,0
libs/Zend/Feed/Writer/Renderer/Entry/Atom.php,131,Medium,1,0,0,0,0,0,0,0,0,0,0,0,0,0,0,0,0,0,0,0,0,0,0,0,0,0,0,0,0,0,0,0,0,0,0,0,0,0,0,0,0,0,0
libs/Zend/Feed/Writer/Renderer/Entry/Rss.php,25,Small,0,0,0,0,0,0,0,0,0,0,0,0,0,0,0,0,0,0,0,0,0,0,0,0,0,0,0,0,0,0,0,0,0,0,0,0,0,0,0,0,0,0,0
libs/Zend/Feed/Writer/Renderer/Feed/Rss.php,25,Small,0,0,0,0,0,0,0,0,0,0,0,0,0,0,0,0,0,0,0,0,0,0,0,0,0,0,0,0,0,0,0,0,0,0,0,0,0,0,0,0,0,0,0
libs/Zend/Http/Client.php,328,Large,9,1,1,154,1,0,154,0,0,0,0,0,0,0,0,0,0,0,0,0,0,0,0,0,0,0,0,0,0,0,0,0,0,0,0,0,0,0,0,0,0,0,0
libs/Zend/Http/Client/Adapter/Curl.php,510,Large,0,0,0,0,0,0,0,0,0,0,0,0,0,0,0,0,0,0,0,0,0,0,0,0,0,0,0,0,0,0,0,0,0,0,0,0,0,0,0,0,0,0,0
libs/Zend/Http/Client/Adapter/Proxy.php,17,Small,1,0,0,0,0,0,0,0,0,0,0,0,0,0,0,0,0,0,0,0,0,0,0,0,0,0,0,0,0,0,0,0,0,0,0,0,0,0,0,0,0,0,0
libs/Zend/Http/Client/Adapter/Socket.php,545,Large,3,0,0,0,0,0,0,0,0,0,0,0,0,0,0,0,0,0,0,0,0,0,0,0,0,0,0,0,0,0,0,0,0,0,0,0,0,0,0,0,0,0,0
libs/Zend/Http/Cookie.php,417,Large,1,0,0,0,0,0,0,0,0,0,0,0,0,0,0,0,0,0,0,0,0,0,0,0,0,0,0,0,0,0,0,0,0,0,0,0,0,0,0,0,0,0,0
libs/Zend/Http/Response.php,111,Medium,1,0,0,0,0,0,0,0,0,0,0,0,0,0,0,0,0,0,0,0,0,0,0,0,0,0,0,0,0,0,0,0,0,0,0,0,0,0,0,0,0,0,0
libs/Zend/Http/UserAgent.php,853,Large,1,0,0,0,0,0,0,0,0,0,0,0,0,0,0,0,0,0,0,0,0,0,0,0,0,0,0,0,0,0,0,0,0,0,0,0,0,0,0,0,0,0,0
libs/Zend/Http/UserAgent/AbstractDevice.php,985,Large,2,0,0,0,0,0,0,0,0,0,0,0,0,0,0,0,0,0,0,0,0,0,0,0,0,0,0,0,0,0,0,0,0,0,0,0,0,0,0,0,0,0,0
/UserAgent/Features/Adapter/WurflApi.php,103,Medium,0,0,0,0,0,0,0,0,0,0,0,0,0,0,0,0,0,0,0,0,0,0,0,0,0,0,0,0,0,0,0,0,0,0,0,0,0,0,0,0,0,0,0
libs/Zend/Http/UserAgent/Mobile.php,536,Large,2,0,0,0,0,0,0,0,0,0,0,0,0,0,0,0,0,0,0,0,0,0,0,0,0,0,0,0,0,0,0,0,0,0,0,0,0,0,0,0,0,0,0
libs/Zend/Log.php,256,Medium,3,0,0,0,0,0,0,0,0,0,0,0,0,0,0,0,0,0,0,0,0,0,0,0,0,0,0,0,0,0,0,0,0,0,0,0,0,0,0,0,0,0,0
libs/Zend/Log/Writer/Mail.php,1276,Large,2,0,0,0,0,0,0,0,0,0,0,0,0,0,0,0,0,0,0,0,0,0,0,0,0,0,0,0,0,0,0,0,0,0,0,0,0,0,0,0,0,0,0
libs/Zend/Mail.php,1276,Large,4,0,0,0,0,0,0,0,0,0,0,0,0,0,0,0,0,0,0,0,0,0,0,0,0,0,0,0,0,0,0,0,0,0,0,0,0,0,0,0,0,0,0
libs/Zend/Mail/Part.php,230,Medium,0,0,0,0,0,0,0,0,0,0,0,0,0,0,0,0,0,0,0,0,0,0,0,0,0,0,0,0,0,0,0,0,0,0,0,0,0,0,0,0,0,0,0
libs/Zend/Mail/Part/File.php,85,Medium,0,0,0,0,0,0,0,0,0,0,0,0,0,0,0,0,0,0,0,0,0,0,0,0,0,0,0,0,0,0,0,0,0,0,0,0,0,0,0,0,0,0,0
libs/Zend/Mail/Protocol/Imap.php,644,Large,0,0,0,0,0,0,0,0,0,0,0,0,0,0,0,0,0,0,0,0,0,0,0,0,0,0,0,0,0,0,0,0,0,0,0,0,0,0,0,0,0,0,0
libs/Zend/Mail/Protocol/Pop3.php,328,Large,0,0,0,0,0,0,0,0,0,0,0,0,0,0,0,0,0,0,0,0,0,0,0,0,0,0,0,0,0,0,0,0,0,0,0,0,0,0,0,0,0,0,0
libs/Zend/Mail/Protocol/Smtp.php,243,Medium,0,0,0,0,0,0,0,0,0,0,0,0,0,0,0,0,0,0,0,0,0,0,0,0,0,0,0,0,0,0,0,0,0,0,0,0,0,0,0,0,0,0,0
libs/Zend/Mail/Storage/Abstract.php,456,Large,0,0,0,0,0,0,0,0,0,0,0,0,0,0,0,0,0,0,0,0,0,0,0,0,0,0,0,0,0,0,0,0,0,0,0,0,0,0,0,0,0,0,0
libs/Zend/Mail/Storage/Folder/Maildir.php,1049,Large,0,0,0,0,0,0,0,0,0,0,0,0,0,0,0,0,0,0,0,0,0,0,0,0,0,0,0,0,0,0,0,0,0,0,0,0,0,0,0,0,0,0,0
libs/Zend/Mail/Storage/Imap.php,644,Large,0,0,0,0,0,0,0,0,0,0,0,0,0,0,0,0,0,0,0,0,0,0,0,0,0,0,0,0,0,0,0,0,0,0,0,0,0,0,0,0,0,0,0
libs/Zend/Mail/Storage/Maildir.php,1049,Large,0,0,0,0,0,0,0,0,0,0,0,0,0,0,0,0,0,0,0,0,0,0,0,0,0,0,0,0,0,0,0,0,0,0,0,0,0,0,0,0,0,0,0
libs/Zend/Mail/Storage/Mbox.php,447,Large,0,0,0,0,0,0,0,0,0,0,0,0,0,0,0,0,0,0,0,0,0,0,0,0,0,0,0,0,0,0,0,0,0,0,0,0,0,0,0,0,0,0,0
libs/Zend/Mail/Storage/Writable/Maildir.php,1049,Large,0,0,0,0,0,0,0,0,0,0,0,0,0,0,0,0,0,0,0,0,0,0,0,0,0,0,0,0,0,0,0,0,0,0,0,0,0,0,0,0,0,0,0
libs/Zend/Mime/Decode.php,244,Medium,1,0,0,0,0,0,0,0,0,0,0,0,0,0,0,0,0,0,0,0,0,0,0,0,0,0,0,0,0,0,0,0,0,0,0,0,0,0,0,0,0,0,0
libs/Zend/Mime/Message.php,286,Medium,0,0,0,0,0,0,0,0,0,0,0,0,0,0,0,0,0,0,0,0,0,0,0,0,0,0,0,0,0,0,0,0,0,0,0,0,0,0,0,0,0,0,0
libs/Zend/Mime/Part.php,230,Medium,0,0,0,0,0,0,0,0,0,0,0,0,0,0,0,0,0,0,0,0,0,0,0,0,0,0,0,0,0,0,0,0,0,0,0,0,0,0,0,0,0,0,0
libs/Zend/OpenId.php,754,Large,1,0,0,0,0,0,0,0,0,0,0,0,0,0,0,0,0,0,0,0,0,0,0,0,0,0,0,0,0,0,0,0,0,0,0,0,0,0,0,0,0,0,0
libs/Zend/OpenId/Consumer.php,68,Medium,0,0,0,0,0,0,0,0,0,0,0,0,0,0,0,0,0,0,0,0,0,0,0,0,0,0,0,0,0,0,0,0,0,0,0,0,0,0,0,0,0,0,0
libs/Zend/OpenId/Consumer/Storage/File.php,85,Medium,0,0,0,0,0,0,0,0,0,0,0,0,0,0,0,0,0,0,0,0,0,0,0,0,0,0,0,0,0,0,0,0,0,0,0,0,0,0,0,0,0,0,0
libs/Zend/OpenId/Extension/Sreg.php,300,Large,0,0,0,0,0,0,0,0,0,0,0,0,0,0,0,0,0,0,0,0,0,0,0,0,0,0,0,0,0,0,0,0,0,0,0,0,0,0,0,0,0,0,0
libs/Zend/OpenId/Provider.php,57,Small,0,0,0,0,0,0,0,0,0,0,0,0,0,0,0,0,0,0,0,0,0,0,0,0,0,0,0,0,0,0,0,0,0,0,0,0,0,0,0,0,0,0,0
libs/Zend/OpenId/Provider/Storage/File.php,85,Medium,0,0,0,0,0,0,0,0,0,0,0,0,0,0,0,0,0,0,0,0,0,0,0,0,0,0,0,0,0,0,0,0,0,0,0,0,0,0,0,0,0,0,0
libs/Zend/Session.php,883,Large,8,0,0,0,0,0,0,0,0,0,0,0,0,0,0,0,0,0,0,0,0,0,0,0,0,0,0,0,0,0,0,0,0,0,0,0,0,0,0,0,0,0,0
libs/Zend/Session/Namespace.php,529,Large,0,0,0,0,0,0,0,0,0,0,0,0,0,0,0,0,0,0,0,0,0,0,0,0,0,0,0,0,0,0,0,0,0,0,0,0,0,0,0,0,0,0,0
libs/Zend/Session/SaveHandler/DbTable.php,591,Large,1,0,0,0,0,0,0,0,0,0,0,0,0,0,0,0,0,0,0,0,0,0,0,0,0,0,0,0,0,0,0,0,0,0,0,0,0,0,0,0,0,0,0
libs/Zend/Uri.php,209,Medium,1,0,0,0,0,0,0,0,0,0,0,0,0,0,0,0,0,0,0,0,0,0,0,0,0,0,0,0,0,0,0,0,0,0,0,0,0,0,0,0,0,0,0
libs/Zend/Uri/Http.php,909,Large,2,0,0,0,0,0,0,0,0,0,0,0,0,0,0,0,0,0,0,0,0,0,0,0,0,0,0,0,0,0,0,0,0,0,0,0,0,0,0,0,0,0,0
libs/Zend/Validate.php,292,Medium,1,0,0,0,0,0,0,0,0,0,0,0,0,0,0,0,0,0,0,0,0,0,0,0,0,0,0,0,0,0,0,0,0,0,0,0,0,0,0,0,0,0,0
libs/Zend/Validate/Abstract.php,456,Large,0,0,0,0,0,0,0,0,0,0,0,0,0,0,0,0,0,0,0,0,0,0,0,0,0,0,0,0,0,0,0,0,0,0,0,0,0,0,0,0,0,0,0
libs/Zend/Validate/Barcode/AdapterAbstract.php,315,Large,0,0,0,0,0,0,0,0,0,0,0,0,0,0,0,0,0,0,0,0,0,0,0,0,0,0,0,0,0,0,0,0,0,0,0,0,0,0,0,0,0,0,0
libs/Zend/Validate/CreditCard.php,317,Large,1,0,0,0,0,0,0,0,0,0,0,0,0,0,0,0,0,0,0,0,0,0,0,0,0,0,0,0,0,0,0,0,0,0,0,0,0,0,0,0,0,0,0
libs/Zend/Validate/Date.php,259,Medium,1,0,0,0,0,0,0,0,0,0,0,0,0,0,0,0,0,0,0,0,0,0,0,0,0,0,0,0,0,0,0,0,0,0,0,0,0,0,0,0,0,0,0
libs/Zend/Validate/Db/Abstract.php,456,Large,3,0,0,0,0,0,0,0,0,0,0,0,0,0,0,0,0,0,0,0,0,0,0,0,0,0,0,0,0,0,0,0,0,0,0,0,0,0,0,0,0,0,0
libs/Zend/Validate/EmailAddress.php,560,Large,4,1,1,155,1,0,155,0,0,0,0,0,0,0,0,0,0,0,0,0,0,0,0,0,0,0,0,0,0,0,0,0,0,0,0,0,0,0,0,0,0,0,0
libs/Zend/Validate/File/Count.php,284,Medium,0,0,0,0,0,0,0,0,0,0,0,0,0,0,0,0,0,0,0,0,0,0,0,0,0,0,0,0,0,0,0,0,0,0,0,0,0,0,0,0,0,0,0
libs/Zend/Validate/File/ExcludeMimeType.php,392,Large,0,0,0,0,0,0,0,0,0,0,0,0,0,0,0,0,0,0,0,0,0,0,0,0,0,0,0,0,0,0,0,0,0,0,0,0,0,0,0,0,0,0,0
libs/Zend/Validate/File/FilesSize.php,404,Large,0,0,0,0,0,0,0,0,0,0,0,0,0,0,0,0,0,0,0,0,0,0,0,0,0,0,0,0,0,0,0,0,0,0,0,0,0,0,0,0,0,0,0
libs/Zend/Validate/File/ImageSize.php,404,Large,1,0,0,0,0,0,0,0,0,0,0,0,0,0,0,0,0,0,0,0,0,0,0,0,0,0,0,0,0,0,0,0,0,0,0,0,0,0,0,0,0,0,0
libs/Zend/Validate/File/MimeType.php,392,Large,2,0,0,0,0,0,0,0,0,0,0,0,0,0,0,0,0,0,0,0,0,0,0,0,0,0,0,0,0,0,0,0,0,0,0,0,0,0,0,0,0,0,0
libs/Zend/Validate/File/Size.php,404,Large,1,0,0,0,0,0,0,0,0,0,0,0,0,0,0,0,0,0,0,0,0,0,0,0,0,0,0,0,0,0,0,0,0,0,0,0,0,0,0,0,0,0,0
libs/Zend/Validate/File/Upload.php,251,Medium,0,0,0,0,0,0,0,0,0,0,0,0,0,0,0,0,0,0,0,0,0,0,0,0,0,0,0,0,0,0,0,0,0,0,0,0,0,0,0,0,0,0,0
libs/Zend/Validate/Hostname.php,1013,Large,12,1,1,156,1,0,0,0,0,0,0,0,0,0,0,0,0,0,156,0,0,0,0,0,0,0,0,0,0,0,0,0,0,0,0,0,0,0,0,0,0,0,0
libs/Zend/Validate/Ip.php,404,Large,1,0,0,0,0,0,0,0,0,0,0,0,0,0,0,0,0,0,0,0,0,0,0,0,0,0,0,0,0,0,0,0,0,0,0,0,0,0,0,0,0,0,0
libs/Zend/Validate/Isbn.php,279,Medium,1,0,0,0,0,0,0,0,0,0,0,0,0,0,0,0,0,0,0,0,0,0,0,0,0,0,0,0,0,0,0,0,0,0,0,0,0,0,0,0,0,0,0
libs/Zend/Validate/NotEmpty.php,279,Medium,1,0,0,0,0,0,0,0,0,0,0,0,0,0,0,0,0,0,0,0,0,0,0,0,0,0,0,0,0,0,0,0,0,0,0,0,0,0,0,0,0,0,0
libs/Zend/Validate/PostCode.php,210,Medium,1,0,0,0,0,0,0,0,0,0,0,0,0,0,0,0,0,0,0,0,0,0,0,0,0,0,0,0,0,0,0,0,0,0,0,0,0,0,0,0,0,0,0
libs/tcpdf/2dbarcodes.php,1965,Large,1,0,0,0,0,0,0,0,0,0,0,0,0,0,0,0,0,0,0,0,0,0,0,0,0,0,0,0,0,0,0,0,0,0,0,0,0,0,0,0,0,0,0
libs/tcpdf/barcodes.php,1965,Large,1,0,0,0,0,0,0,0,0,0,0,0,0,0,0,0,0,0,0,0,0,0,0,0,0,0,0,0,0,0,0,0,0,0,0,0,0,0,0,0,0,0,0
libs/tcpdf/pdf417.php,991,Large,1,0,0,0,0,0,0,0,0,0,0,0,0,0,0,0,0,0,0,0,0,0,0,0,0,0,0,0,0,0,0,0,0,0,0,0,0,0,0,0,0,0,0
libs/tcpdf/qrcode.php,2866,Large,1,0,0,0,0,0,0,0,0,0,0,0,0,0,0,0,0,0,0,0,0,0,0,0,0,0,0,0,0,0,0,0,0,0,0,0,0,0,0,0,0,0,0
libs/tcpdf/tcpdf.php,24144,Large,11,4,3,57007,4,45346,0,41,0,11620,0,0,0,0,0,0,0,0,0,0,0,0,0,0,0,0,0,0,0,0,0,0,0,0,0,0,0,0,0,0,0,0,0
libs/upgradephp/upgrade.php,720,Large,22,4,3,420,3,310,0,0,0,28,0,0,0,0,0,0,0,0,0,0,82,0,0,0,0,0,0,0,0,0,0,0,0,0,0,0,0,0,0,0,0,0,0
plugins/API/API.php,171,Medium,172,69,8,1041,13,20,104,385,49,151,0,0,0,0,90,0,0,114,0,0,0,0,0,0,0,0,0,0,128,0,0,0,0,0,0,0,0,0,0,0,0,0,0
plugins/API/Controller.php,73,Medium,11,3,2,89,3,0,72,0,0,17,0,0,0,0,0,0,0,0,0,0,0,0,0,0,0,0,0,0,0,0,0,0,0,0,0,0,0,0,0,0,0,0,0
plugins/Actions/API.php,171,Medium,53,21,6,790,10,198,192,81,169,105,0,0,0,0,45,0,0,0,0,0,0,0,0,0,0,0,0,0,0,0,0,0,0,0,0,0,0,0,0,0,0,0,0
plugins/Actions/Actions.php,110,Medium,81,24,4,981,8,390,391,133,0,67,0,0,0,0,0,0,0,0,0,0,0,0,0,0,0,0,0,0,0,0,0,0,0,0,0,0,0,0,0,0,0,0,0
plugins/CoreUpdater/Controller.php,73,Medium,59,16,7,207,8,43,24,27,0,30,0,0,0,0,20,31,32,0,0,0,0,0,0,0,0,0,0,0,0,0,0,0,0,0,0,0,0,0,0,0,0,0,0
plugins/ExampleUI/Controller.php,73,Medium,10,7,1,23,1,0,0,0,0,23,0,0,0,0,0,0,0,0,0,0,0,0,0,0,0,0,0,0,0,0,0,0,0,0,0,0,0,0,0,0,0,0,0
plugins/Goals/Goals.php,204,Medium,59,21,7,1590,10,20,281,928,0,152,0,0,0,0,34,0,0,0,0,0,0,131,0,0,0,0,44,0,0,0,0,0,0,0,0,0,0,0,0,0,0,0,0
plugins/Installation/Controller.php,73,Medium,251,47,5,568,23,20,0,0,167,77,247,0,0,0,57,0,0,0,0,0,0,0,0,0,0,0,0,0,0,0,0,0,0,0,0,0,0,0,0,0,0,0,0
/tests/LanguagesManager.test.php,259,Medium,18,10,1,105,3,105,0,0,0,0,0,0,0,0,0,0,0,0,0,0,0,0,0,0,0,0,0,0,0,0,0,0,0,0,0,0,0,0,0,0,0,0,0
plugins/Live/API.php,171,Medium,224,101,6,1156,39,147,63,0,89,618,126,0,0,0,0,0,0,0,0,0,113,0,0,0,0,0,0,0,0,0,0,0,0,0,0,0,0,0,0,0,0,0,0
plugins/Login/Auth.php,201,Medium,15,5,3,184,4,0,0,0,10,0,0,0,0,0,0,0,0,54,0,0,0,0,0,0,120,0,0,0,0,0,0,0,0,0,0,0,0,0,0,0,0,0,0
plugins/Login/Controller.php,73,Medium,102,15,6,203,8,43,20,0,0,44,0,0,0,0,0,38,39,0,0,0,0,0,0,0,0,0,19,0,0,0,0,0,0,0,0,0,0,0,0,0,0,0,0
plugins/Login/tests/Login.test.php,231,Medium,0,0,0,0,0,0,0,0,0,0,0,0,0,0,0,0,0,0,0,0,0,0,0,0,0,0,0,0,0,0,0,0,0,0,0,0,0,0,0,0,0,0,0
plugins/MultiSites/Controller.php,73,Medium,47,13,5,704,7,89,214,237,40,124,0,0,0,0,0,0,0,0,0,0,0,0,0,0,0,0,0,0,0,0,0,0,0,0,0,0,0,0,0,0,0,0,0
plugins/PDFReports/API.php,171,Medium,113,37,5,2150,15,191,30,328,122,1479,0,0,0,0,0,0,0,0,0,0,0,0,0,0,0,0,0,0,0,0,0,0,0,0,0,0,0,0,0,0,0,0,0
plugins/PDFReports/tests/PDFReports.test.php,235,Medium,7,1,1,9,1,0,0,9,0,0,0,0,0,0,0,0,0,0,0,0,0,0,0,0,0,0,0,0,0,0,0,0,0,0,0,0,0,0,0,0,0,0,0
plugins/Referers/Referers.php,544,Large,17,10,2,124,3,75,0,0,0,49,0,0,0,0,0,0,0,0,0,0,0,0,0,0,0,0,0,0,0,0,0,0,0,0,0,0,0,0,0,0,0,0,0
plugins/SecurityInfo/PhpSecInfo/PhpSecInfo.php,591,Large,0,0,0,0,0,0,0,0,0,0,0,0,0,0,0,0,0,0,0,0,0,0,0,0,0,0,0,0,0,0,0,0,0,0,0,0,0,0,0,0,0,0,0
plugins/SecurityInfo/PhpSecInfo/Test/Test.php,413,Large,1,0,0,0,0,0,0,0,0,0,0,0,0,0,0,0,0,0,0,0,0,0,0,0,0,0,0,0,0,0,0,0,0,0,0,0,0,0,0,0,0,0,0
plugins/SitesManager/API.php,171,Medium,98,23,9,1056,12,117,269,168,176,74,42,0,0,0,35,0,0,33,0,0,0,0,0,0,142,0,0,0,0,0,0,0,0,0,0,0,0,0,0,0,0,0,0
/SitesManager/tests/SitesManager.test.php,930,Large,11,5,1,41,3,41,0,0,0,0,0,0,0,0,0,0,0,0,0,0,0,0,0,0,0,0,0,0,0,0,0,0,0,0,0,0,0,0,0,0,0,0,0
plugins/UserSettings/API.php,171,Medium,23,7,3,302,6,0,0,58,156,88,0,0,0,0,0,0,0,0,0,0,0,0,0,0,0,0,0,0,0,0,0,0,0,0,0,0,0,0,0,0,0,0,0
/UserSettings/tests/UserSettings.test.php,962,Large,10,3,2,49,2,0,30,19,0,0,0,0,0,0,0,0,0,0,0,0,0,0,0,0,0,0,0,0,0,0,0,0,0,0,0,0,0,0,0,0,0,0,0
plugins/UsersManager/Controller.php,73,Medium,53,9,4,1615,6,1523,0,0,0,36,33,0,0,0,23,0,0,0,0,0,0,0,0,0,0,0,0,0,0,0,0,0,0,0,0,0,0,0,0,0,0,0,0
/UsersManager/tests/UsersManager.test.php,985,Large,6,1,1,27,1,27,0,0,0,0,0,0,0,0,0,0,0,0,0,0,0,0,0,0,0,0,0,0,0,0,0,0,0,0,0,0,0,0,0,0,0,0,0
plugins/VisitFrequency/API.php,171,Medium,38,14,3,381,8,0,0,0,0,167,192,0,0,0,0,0,0,0,0,0,0,0,0,0,0,0,0,0,0,22,0,0,0,0,0,0,0,0,0,0,0,0,0
plugins/VisitorGenerator/Controller.php,73,Medium,14,3,1,176,2,0,0,0,0,176,0,0,0,0,0,0,0,0,0,0,0,0,0,0,0,0,0,0,0,0,0,0,0,0,0,0,0,0,0,0,0,0,0
plugins/VisitsSummary/API.php,171,Medium,30,13,4,124,5,0,0,18,0,22,0,0,0,54,30,0,0,0,0,0,0,0,0,0,0,0,0,0,0,0,0,0,0,0,0,0,0,0,0,0,0,0,0
tests/core/ArchiveProcessing.test.php,404,Large,17,9,1,106,2,106,0,0,0,0,0,0,0,0,0,0,0,0,0,0,0,0,0,0,0,0,0,0,0,0,0,0,0,0,0,0,0,0,0,0,0,0,0
tests/core/Common.test.php,958,Large,27,13,2,115,5,92,0,23,0,0,0,0,0,0,0,0,0,0,0,0,0,0,0,0,0,0,0,0,0,0,0,0,0,0,0,0,0,0,0,0,0,0,0
tests/core/DataTable.test.php,655,Large,3,0,0,0,0,0,0,0,0,0,0,0,0,0,0,0,0,0,0,0,0,0,0,0,0,0,0,0,0,0,0,0,0,0,0,0,0,0,0,0,0,0,0
tests/core/DataTable/Filter/Limit.test.php,295,Medium,0,0,0,0,0,0,0,0,0,0,0,0,0,0,0,0,0,0,0,0,0,0,0,0,0,0,0,0,0,0,0,0,0,0,0,0,0,0,0,0,0,0,0
tests/core/DataTable/Renderer.test.php,1164,Large,2,0,0,0,0,0,0,0,0,0,0,0,0,0,0,0,0,0,0,0,0,0,0,0,0,0,0,0,0,0,0,0,0,0,0,0,0,0,0,0,0,0,0
tests/core/Date.test.php,224,Medium,4,1,1,19,1,19,0,0,0,0,0,0,0,0,0,0,0,0,0,0,0,0,0,0,0,0,0,0,0,0,0,0,0,0,0,0,0,0,0,0,0,0,0
tests/core/IP.test.php,735,Large,10,4,2,163,3,153,10,0,0,0,0,0,0,0,0,0,0,0,0,0,0,0,0,0,0,0,0,0,0,0,0,0,0,0,0,0,0,0,0,0,0,0,0
tests/core/Period.test.php,955,Large,0,0,0,0,0,0,0,0,0,0,0,0,0,0,0,0,0,0,0,0,0,0,0,0,0,0,0,0,0,0,0,0,0,0,0,0,0,0,0,0,0,0,0
tests/core/Period/Range.test.php,504,Large,2,1,1,122,0,122,0,0,0,0,0,0,0,0,0,0,0,0,0,0,0,0,0,0,0,0,0,0,0,0,0,0,0,0,0,0,0,0,0,0,0,0,0
tests/core/Piwik/serveStaticFile.test.php,547,Large,5,2,1,115,1,115,0,0,0,0,0,0,0,0,0,0,0,0,0,0,0,0,0,0,0,0,0,0,0,0,0,0,0,0,0,0,0,0,0,0,0,0,0
tests/core/ReleaseCheckList.test.php,220,Medium,9,1,1,165,1,165,0,0,0,0,0,0,0,0,0,0,0,0,0,0,0,0,0,0,0,0,0,0,0,0,0,0,0,0,0,0,0,0,0,0,0,0,0
tests/core/ScheduledTime.test.php,581,Large,4,2,1,27,2,27,0,0,0,0,0,0,0,0,0,0,0,0,0,0,0,0,0,0,0,0,0,0,0,0,0,0,0,0,0,0,0,0,0,0,0,0,0
tests/core/Tracker/Action.test.php,347,Large,11,4,1,1533,1,1533,0,0,0,0,0,0,0,0,0,0,0,0,0,0,0,0,0,0,0,0,0,0,0,0,0,0,0,0,0,0,0,0,0,0,0,0,0
tests/integration/Integration.php,1286,Large,39,18,4,1086,9,73,159,310,544,0,0,0,0,0,0,0,0,0,0,0,0,0,0,0,0,0,0,0,0,0,0,0,0,0,0,0,0,0,0,0,0,0,0
tests/integration/Main.test.php,1051,Large,106,69,3,425,14,43,299,83,0,0,0,0,0,0,0,0,0,0,0,0,0,0,0,0,0,0,0,0,0,0,0,0,0,0,0,0,0,0,0,0,0,0,0
core/Db/Adapter/Pdo/Mssql.php,423,Large,2,0,0,0,0,0,0,0,0,0,0,0,0,0,0,0,0,0,0,0,0,0,0,0,0,0,0,0,0,0,0,0,0,0,0,0,0,0,0,0,0,0,0
core/ErrorHandler.php,201,Medium,23,4,2,80,4,0,36,0,0,44,0,0,0,0,0,0,0,0,0,0,0,0,0,0,0,0,0,0,0,0,0,0,0,0,0,0,0,0,0,0,0,0,0
core/Segment.php,21,Small,33,10,6,357,6,0,27,20,0,38,0,0,0,0,0,46,75,0,0,0,0,0,0,0,0,0,0,0,151,0,0,0,0,0,0,0,0,0,0,0,0,0,0
core/Tracker/Action.php,39,Small,84,29,5,3026,12,1540,202,0,433,98,0,0,0,753,0,0,0,0,0,0,0,0,0,0,0,0,0,0,0,0,0,0,0,0,0,0,0,0,0,0,0,0,0
libs/pChart.1.27d/pChart/pChart.php,3488,Large,1,0,0,0,0,0,0,0,0,0,0,0,0,0,0,0,0,0,0,0,0,0,0,0,0,0,0,0,0,0,0,0,0,0,0,0,0,0,0,0,0,0,0
libs/pChart.1.27d/pChart/pData.php,259,Medium,1,0,0,0,0,0,0,0,0,0,0,0,0,0,0,0,0,0,0,0,0,0,0,0,0,0,0,0,0,0,0,0,0,0,0,0,0,0,0,0,0,0,0
libs/sparkline/lib/Sparkline.php,128,Medium,10,0,0,0,0,0,0,0,0,0,0,0,0,0,0,0,0,0,0,0,0,0,0,0,0,0,0,0,0,0,0,0,0,0,0,0,0,0,0,0,0,0,0
misc/cron/archive.php,404,Large,216,102,10,1588,52,0,450,123,76,98,202,0,0,130,117,105,166,0,121,0,0,0,0,0,0,0,0,0,0,0,0,0,0,0,0,0,0,0,0,0,0,0,0
plugins/CustomVariables/CustomVariables.php,149,Medium,38,15,4,827,8,64,31,0,0,653,0,0,0,0,0,0,0,0,0,0,0,0,0,0,0,0,0,0,79,0,0,0,0,0,0,0,0,0,0,0,0,0,0
plugins/Goals/API.php,171,Medium,82,27,8,792,14,0,34,120,0,70,0,0,0,0,93,112,63,0,0,0,0,0,0,0,216,0,0,0,84,0,0,0,0,0,0,0,0,0,0,0,0,0,0
plugins/Goals/Controller.php,73,Medium,79,29,10,1018,12,242,28,269,0,79,71,0,0,0,50,53,54,0,0,0,0,0,0,0,88,0,84,0,0,0,0,0,0,0,0,0,0,0,0,0,0,0,0
plugins/ImageGraph/API.php,171,Medium,47,16,4,372,5,0,90,161,29,92,0,0,0,0,0,0,0,0,0,0,0,0,0,0,0,0,0,0,0,0,0,0,0,0,0,0,0,0,0,0,0,0,0
plugins/ImageGraph/ImageGraph.php,186,Medium,15,5,2,281,2,0,152,0,0,129,0,0,0,0,0,0,0,0,0,0,0,0,0,0,0,0,0,0,0,0,0,0,0,0,0,0,0,0,0,0,0,0,0
plugins/ImageGraph/ImageGraphObject.php,1078,Large,2,0,0,0,0,0,0,0,0,0,0,0,0,0,0,0,0,0,0,0,0,0,0,0,0,0,0,0,0,0,0,0,0,0,0,0,0,0,0,0,0,0,0
plugins/Referers/Controller.php,73,Medium,40,22,2,360,7,214,0,0,0,146,0,0,0,0,0,0,0,0,0,0,0,0,0,0,0,0,0,0,0,0,0,0,0,0,0,0,0,0,0,0,0,0,0
tests/core/Segment.test.php,397,Large,4,3,1,53,1,0,53,0,0,0,0,0,0,0,0,0,0,0,0,0,0,0,0,0,0,0,0,0,0,0,0,0,0,0,0,0,0,0,0,0,0,0,0
core/API/DataTableManipulator/Flattener.php,209,Medium,13,1,1,34,1,0,0,0,0,34,0,0,0,0,0,0,0,0,0,0,0,0,0,0,0,0,0,0,0,0,0,0,0,0,0,0,0,0,0,0,0,0,0
core/API/ResponseBuilder.php,233,Medium,70,18,4,481,7,0,286,26,0,20,0,0,0,0,149,0,0,0,0,0,0,0,0,0,0,0,0,0,0,0,0,0,0,0,0,0,0,0,0,0,0,0,0
core/Config.php,99,Medium,116,31,5,839,7,0,0,554,0,32,130,0,0,0,0,80,43,0,0,0,0,0,0,0,0,0,0,0,0,0,0,0,0,0,0,0,0,0,0,0,0,0,0
/Filter/AddColumnsProcessedMetrics.php,95,Medium,23,4,4,459,4,67,0,0,42,231,0,0,0,0,119,0,0,0,0,0,0,0,0,0,0,0,0,0,0,0,0,0,0,0,0,0,0,0,0,0,0,0,0
core/PluginsFunctions/Sql.php,98,Medium,21,6,3,538,3,0,0,193,15,330,0,0,0,0,0,0,0,0,0,0,0,0,0,0,0,0,0,0,0,0,0,0,0,0,0,0,0,0,0,0,0,0,0
libs/Smarty/plugins/modifier.truncate.php,63,Medium,4,2,1,20,1,0,0,20,0,0,0,0,0,0,0,0,0,0,0,0,0,0,0,0,0,0,0,0,0,0,0,0,0,0,0,0,0,0,0,0,0,0,0
libs/pChart2.1.3/class/pData.class.php,788,Large,0,0,0,0,0,0,0,0,0,0,0,0,0,0,0,0,0,0,0,0,0,0,0,0,0,0,0,0,0,0,0,0,0,0,0,0,0,0,0,0,0,0,0
libs/pChart2.1.3/class/pDraw.class.php,6225,Large,1,0,0,0,0,0,0,0,0,0,0,0,0,0,0,0,0,0,0,0,0,0,0,0,0,0,0,0,0,0,0,0,0,0,0,0,0,0,0,0,0,0,0
libs/pChart2.1.3/class/pImage.class.php,481,Large,1,0,0,0,0,0,0,0,0,0,0,0,0,0,0,0,0,0,0,0,0,0,0,0,0,0,0,0,0,0,0,0,0,0,0,0,0,0,0,0,0,0,0
libs/pChart2.1.3/class/pPie.class.php,1499,Large,0,0,0,0,0,0,0,0,0,0,0,0,0,0,0,0,0,0,0,0,0,0,0,0,0,0,0,0,0,0,0,0,0,0,0,0,0,0,0,0,0,0,0
plugins/CoreAdminHome/API.php,171,Medium,24,8,5,374,5,82,0,0,24,57,17,0,0,0,194,0,0,0,0,0,0,0,0,0,0,0,0,0,0,0,0,0,0,0,0,0,0,0,0,0,0,0,0
/DataTableRowAction/RowEvolution.php,377,Large,46,16,5,1546,5,0,0,179,0,191,0,0,0,0,0,0,0,0,0,0,1069,0,0,42,0,0,0,0,65,0,0,0,0,0,0,0,0,0,0,0,0,0,0
plugins/DBStats/Controller.php,73,Medium,10,5,3,796,3,0,0,416,0,358,0,0,0,0,22,0,0,0,0,0,0,0,0,0,0,0,0,0,0,0,0,0,0,0,0,0,0,0,0,0,0,0,0
plugins/DBStats/MySQLMetadataProvider.php,57,Small,8,1,1,749,1,0,0,0,0,749,0,0,0,0,0,0,0,0,0,0,0,0,0,0,0,0,0,0,0,0,0,0,0,0,0,0,0,0,0,0,0,0,0
plugins/ImageGraph/StaticGraph/GridGraph.php,485,Large,8,4,2,270,3,0,0,0,236,34,0,0,0,0,0,0,0,0,0,0,0,0,0,0,0,0,0,0,0,0,0,0,0,0,0,0,0,0,0,0,0,0,0
/ImageGraph/StaticGraph/HorizontalBar.php,187,Medium,6,1,1,276,1,0,0,0,276,0,0,0,0,0,0,0,0,0,0,0,0,0,0,0,0,0,0,0,0,0,0,0,0,0,0,0,0,0,0,0,0,0,0
plugins/PrivacyManager/Controller.php,73,Medium,46,14,3,328,6,0,0,235,0,58,0,0,0,0,35,0,0,0,0,0,0,0,0,0,0,0,0,0,0,0,0,0,0,0,0,0,0,0,0,0,0,0,0
plugins/PrivacyManager/PrivacyManager.php,650,Large,25,11,3,965,6,0,0,470,0,21,474,0,0,0,0,0,0,0,0,0,0,0,0,0,0,0,0,0,0,0,0,0,0,0,0,0,0,0,0,0,0,0,0
plugins/PrivacyManager/ReportsPurger.php,390,Large,13,5,2,267,2,0,0,225,0,42,0,0,0,0,0,0,0,0,0,0,0,0,0,0,0,0,0,0,0,0,0,0,0,0,0,0,0,0,0,0,0,0,0
/tests/PrivacyManager.test.php,820,Large,5,0,0,0,0,0,0,0,0,0,0,0,0,0,0,0,0,0,0,0,0,0,0,0,0,0,0,0,0,0,0,0,0,0,0,0,0,0,0,0,0,0,0
plugins/UserSettings/functions.php,60,Large,3,1,1,89,1,0,0,89,0,0,0,0,0,0,0,0,0,0,0,0,0,0,0,0,0,0,0,0,0,0,0,0,0,0,0,0,0,0,0,0,0,0,0
tests/core/Config.test.php,314,Large,1,0,0,0,0,0,0,0,0,0,0,0,0,0,0,0,0,0,0,0,0,0,0,0,0,0,0,0,0,0,0,0,0,0,0,0,0,0,0,0,0,0,0
tests/integration/CsvExport.test.php,54,Small,0,0,0,0,0,0,0,0,0,0,0,0,0,0,0,0,0,0,0,0,0,0,0,0,0,0,0,0,0,0,0,0,0,0,0,0,0,0,0,0,0,0,0
/EcommerceOrderWithItems.test.php,319,Large,3,0,0,0,0,0,0,0,0,0,0,0,0,0,0,0,0,0,0,0,0,0,0,0,0,0,0,0,0,0,0,0,0,0,0,0,0,0,0,0,0,0,0
tests/integration/NoVisit.test.php,106,Medium,1,0,0,0,0,0,0,0,0,0,0,0,0,0,0,0,0,0,0,0,0,0,0,0,0,0,0,0,0,0,0,0,0,0,0,0,0,0,0,0,0,0,0
tests/simpletest/scorer.php,863,Large,0,0,0,0,0,0,0,0,0,0,0,0,0,0,0,0,0,0,0,0,0,0,0,0,0,0,0,0,0,0,0,0,0,0,0,0,0,0,0,0,0,0,0
core/DataTable/Array.php,55,Small,6,2,2,139,2,0,0,0,135,4,0,0,0,0,0,0,0,0,0,0,0,0,0,0,0,0,0,0,0,0,0,0,0,0,0,0,0,0,0,0,0,0,0
core/DataTable/Filter/ColumnDelete.php,191,Medium,16,3,3,421,3,64,0,0,0,223,0,0,0,0,0,0,0,0,0,0,134,0,0,0,0,0,0,0,0,0,0,0,0,0,0,0,0,0,0,0,0,0,0
core/DataTable/Renderer.php,367,Large,11,7,3,177,3,47,0,0,110,20,0,0,0,0,0,0,0,0,0,0,0,0,0,0,0,0,0,0,0,0,0,0,0,0,0,0,0,0,0,0,0,0,0
plugins/Actions/ArchivingHelper.php,645,Large,24,13,4,327,9,0,0,0,65,207,0,0,0,0,0,0,0,0,0,0,21,0,0,0,0,0,34,0,0,0,0,0,0,0,0,0,0,0,0,0,0,0,0
plugins/CoreHome/Controller.php,73,Medium,20,7,2,68,3,0,0,0,0,56,12,0,0,0,0,0,0,0,0,0,0,0,0,0,0,0,0,0,0,0,0,0,0,0,0,0,0,0,0,0,0,0,0
plugins/Installation/FormDatabaseSetup.php,352,Large,26,7,5,250,5,0,0,90,54,78,0,0,0,0,0,13,15,0,0,0,0,0,0,0,0,0,0,0,0,0,0,0,0,0,0,0,0,0,0,0,0,0,0
plugins/MultiSites/API.php,171,Medium,62,31,5,613,12,0,0,0,309,69,0,0,0,0,168,33,34,0,0,0,0,0,0,0,0,0,0,0,0,0,0,0,0,0,0,0,0,0,0,0,0,0,0
plugins/PDFReports/PDFReports.php,190,Medium,51,25,4,407,14,42,0,11,186,168,0,0,0,0,0,0,0,0,0,0,0,0,0,0,0,0,0,0,0,0,0,0,0,0,0,0,0,0,0,0,0,0,0
plugins/Transitions/API.php,171,Medium,53,36,2,229,12,0,0,0,139,90,0,0,0,0,0,0,0,0,0,0,0,0,0,0,0,0,0,0,0,0,0,0,0,0,0,0,0,0,0,0,0,0,0
plugins/Transitions/Transitions.php,49,Small,9,4,2,156,2,0,0,0,58,0,0,0,0,0,0,0,0,0,0,0,0,0,0,0,0,0,0,0,98,0,0,0,0,0,0,0,0,0,0,0,0,0,0
plugins/UserCountry/Controller.php,73,Medium,32,14,3,337,5,0,0,0,52,124,161,0,0,0,0,0,0,0,0,0,0,0,0,0,0,0,0,0,0,0,0,0,0,0,0,0,0,0,0,0,0,0,0
plugins/UserCountry/GeoIPAutoUpdater.php,325,Large,33,14,4,689,6,0,0,0,32,549,66,0,0,0,42,0,0,0,0,0,0,0,0,0,0,0,0,0,0,0,0,0,0,0,0,0,0,0,0,0,0,0,0
plugins/UserCountry/LocationProvider.php,57,Small,16,6,3,958,3,0,0,0,36,893,0,0,0,0,29,0,0,0,0,0,0,0,0,0,0,0,0,0,0,0,0,0,0,0,0,0,0,0,0,0,0,0,0
plugins/UserCountry/LocationProvider/GeoIp.php,253,Medium,4,5,2,155,1,0,0,0,107,48,0,0,0,0,0,0,0,0,0,0,0,0,0,0,0,0,0,0,0,0,0,0,0,0,0,0,0,0,0,0,0,0,0
/UserCountry/LocationProvider/GeoIp/Pecl.php,328,Large,14,2,1,20,1,0,0,0,20,0,0,0,0,0,0,0,0,0,0,0,0,0,0,0,0,0,0,0,0,0,0,0,0,0,0,0,0,0,0,0,0,0,0
/UserCountry/LocationProvider/GeoIp/Php.php,388,Large,16,3,2,170,2,0,0,0,106,0,0,0,0,0,64,0,0,0,0,0,0,0,0,0,0,0,0,0,0,0,0,0,0,0,0,0,0,0,0,0,0,0,0
/LocationProvider/GeoIp/ServerBased.php,291,Medium,18,8,1,56,3,0,0,0,56,0,0,0,0,0,0,0,0,0,0,0,0,0,0,0,0,0,0,0,0,0,0,0,0,0,0,0,0,0,0,0,0,0,0
plugins/UserCountry/UserCountry.php,115,Medium,32,18,4,652,5,66,0,0,297,99,190,0,0,0,0,0,0,0,0,0,0,0,0,0,0,0,0,0,0,0,0,0,0,0,0,0,0,0,0,0,0,0,0
/ThousandSitesTwelveVisitsEachOneDay.php,62,Medium,1,0,0,0,0,0,0,0,0,0,0,0,0,0,0,0,0,0,0,0,0,0,0,0,0,0,0,0,0,0,0,0,0,0,0,0,0,0,0,0,0,0,0
tests/PHPUnit/Core/AccessTest.php,413,Large,4,4,1,61,1,0,0,0,0,61,0,0,0,0,0,0,0,0,0,0,0,0,0,0,0,0,0,0,0,0,0,0,0,0,0,0,0,0,0,0,0,0,0
tests/PHPUnit/Core/ArchiveProcessingTest.php,413,Large,28,21,2,323,7,0,0,0,137,186,0,0,0,0,0,0,0,0,0,0,0,0,0,0,0,0,0,0,0,0,0,0,0,0,0,0,0,0,0,0,0,0,0
tests/PHPUnit/Core/CommonTest.php,413,Large,8,3,1,53,3,0,0,0,0,53,0,0,0,0,0,0,0,0,0,0,0,0,0,0,0,0,0,0,0,0,0,0,0,0,0,0,0,0,0,0,0,0,0
tests/PHPUnit/Core/ConfigTest.php,413,Large,3,1,1,21,9,0,0,0,0,21,0,0,0,0,0,0,0,0,0,0,0,0,0,0,0,0,0,0,0,0,0,0,0,0,0,0,0,0,0,0,0,0,0
/PHPUnit/Core/DataTable/Filter/LimitTest.php,413,Large,5,5,1,110,4,0,0,0,0,110,0,0,0,0,0,0,0,0,0,0,0,0,0,0,0,0,0,0,0,0,0,0,0,0,0,0,0,0,0,0,0,0,0
/PHPUnit/Core/DataTable/Renderer/CSVTest.php,413,Large,0,1,1,54,0,0,0,0,54,0,0,0,0,0,0,0,0,0,0,0,0,0,0,0,0,0,0,0,0,0,0,0,0,0,0,0,0,0,0,0,0,0,0
/Core/DataTable/Renderer/JSONTest.php,413,Large,1,1,1,54,1,0,0,0,54,0,0,0,0,0,0,0,0,0,0,0,0,0,0,0,0,0,0,0,0,0,0,0,0,0,0,0,0,0,0,0,0,0,0
/PHPUnit/Core/DataTable/Renderer/PHPTest.php,413,Large,1,0,0,0,0,0,0,0,0,0,0,0,0,0,0,0,0,0,0,0,0,0,0,0,0,0,0,0,0,0,0,0,0,0,0,0,0,0,0,0,0,0,0
/PHPUnit/Core/DataTable/Renderer/XMLTest.php,658,Large,2,2,1,134,1,0,0,0,134,0,0,0,0,0,0,0,0,0,0,0,0,0,0,0,0,0,0,0,0,0,0,0,0,0,0,0,0,0,0,0,0,0,0
tests/PHPUnit/Core/DataTableTest.php,413,Large,10,2,1,319,2,0,0,0,0,319,0,0,0,0,0,0,0,0,0,0,0,0,0,0,0,0,0,0,0,0,0,0,0,0,0,0,0,0,0,0,0,0,0
tests/PHPUnit/Core/DateTest.php,413,Large,3,2,2,283,5,0,0,0,277,6,0,0,0,0,0,0,0,0,0,0,0,0,0,0,0,0,0,0,0,0,0,0,0,0,0,0,0,0,0,0,0,0,0
tests/PHPUnit/Core/IPTest.php,413,Large,4,2,1,20,2,0,0,0,0,20,0,0,0,0,0,0,0,0,0,0,0,0,0,0,0,0,0,0,0,0,0,0,0,0,0,0,0,0,0,0,0,0,0
tests/PHPUnit/Core/Period/DayTest.php,413,Large,0,0,0,0,0,0,0,0,0,0,0,0,0,0,0,0,0,0,0,0,0,0,0,0,0,0,0,0,0,0,0,0,0,0,0,0,0,0,0,0,0,0,0
tests/PHPUnit/Core/Period/RangeTest.php,413,Large,2,0,0,0,0,0,0,0,0,0,0,0,0,0,0,0,0,0,0,0,0,0,0,0,0,0,0,0,0,0,0,0,0,0,0,0,0,0,0,0,0,0,0
tests/PHPUnit/Core/ReleaseCheckListTest.php,413,Large,22,12,3,697,6,0,0,0,51,549,97,0,0,0,0,0,0,0,0,0,0,0,0,0,0,0,0,0,0,0,0,0,0,0,0,0,0,0,0,0,0,0,0
tests/PHPUnit/Core/SegmentTest.php,413,Large,7,4,1,88,2,0,0,0,0,88,0,0,0,0,0,0,0,0,0,0,0,0,0,0,0,0,0,0,0,0,0,0,0,0,0,0,0,0,0,0,0,0,0
tests/PHPUnit/Core/ServeStaticFileTest.php,413,Large,4,2,1,8,2,0,0,0,0,8,0,0,0,0,0,0,0,0,0,0,0,0,0,0,0,0,0,0,0,0,0,0,0,0,0,0,0,0,0,0,0,0,0
tests/PHPUnit/Core/Tracker/ActionTest.php,413,Large,9,4,1,71,3,0,0,0,0,71,0,0,0,0,0,0,0,0,0,0,0,0,0,0,0,0,0,0,0,0,0,0,0,0,0,0,0,0,0,0,0,0,0
tests/PHPUnit/DatabaseTestCase.php,21,Small,14,8,3,114,5,0,0,0,0,12,54,0,0,48,0,0,0,0,0,0,0,0,0,0,0,0,0,0,0,0,0,0,0,0,0,0,0,0,0,0,0,0,0
tests/PHPUnit/Integration/AnnotationsTest.php,413,Large,7,3,1,41,1,0,0,0,0,41,0,0,0,0,0,0,0,0,0,0,0,0,0,0,0,0,0,0,0,0,0,0,0,0,0,0,0,0,0,0,0,0,0
/Integration/EcommerceOrderWithItemsTest.php,413,Large,8,5,3,1962,3,0,0,0,1888,6,68,0,0,0,0,0,0,0,0,0,0,0,0,0,0,0,0,0,0,0,0,0,0,0,0,0,0,0,0,0,0,0,0
tests/PHPUnit/Integration/NoVisitTest.php,413,Large,5,3,1,50,3,0,0,0,50,0,0,0,0,0,0,0,0,0,0,0,0,0,0,0,0,0,0,0,0,0,0,0,0,0,0,0,0,0,0,0,0,0,0
tests/PHPUnit/IntegrationTestCase.php,22,Small,108,51,3,174,9,0,0,0,21,57,96,0,0,0,0,0,0,0,0,0,0,0,0,0,0,0,0,0,0,0,0,0,0,0,0,0,0,0,0,0,0,0,0
tests/PHPUnit/Plugins/LanguagesManagerTest.php,413,Large,18,8,2,55,8,0,0,0,0,17,38,0,0,0,0,0,0,0,0,0,0,0,0,0,0,0,0,0,0,0,0,0,0,0,0,0,0,0,0,0,0,0,0
tests/PHPUnit/Plugins/LoginTest.php,413,Large,4,3,1,25,3,0,0,0,0,25,0,0,0,0,0,0,0,0,0,0,0,0,0,0,0,0,0,0,0,0,0,0,0,0,0,0,0,0,0,0,0,0,0
tests/PHPUnit/Plugins/PDFReportsTest.php,413,Large,14,6,1,253,2,0,0,0,0,253,0,0,0,0,0,0,0,0,0,0,0,0,0,0,0,0,0,0,0,0,0,0,0,0,0,0,0,0,0,0,0,0,0
tests/PHPUnit/Plugins/PrivacyManagerTest.php,413,Large,21,12,2,56,5,0,0,0,15,41,0,0,0,0,0,0,0,0,0,0,0,0,0,0,0,0,0,0,0,0,0,0,0,0,0,0,0,0,0,0,0,0,0
tests/PHPUnit/Plugins/SitesManagerTest.php,413,Large,4,2,2,88,4,0,0,0,72,16,0,0,0,0,0,0,0,0,0,0,0,0,0,0,0,0,0,0,0,0,0,0,0,0,0,0,0,0,0,0,0,0,0
tests/PHPUnit/Plugins/UserSettingsTest.php,1036,Large,5,4,1,35,5,0,0,0,0,35,0,0,0,0,0,0,0,0,0,0,0,0,0,0,0,0,0,0,0,0,0,0,0,0,0,0,0,0,0,0,0,0,0
tests/PHPUnit/Plugins/UsersManagerTest.php,919,Large,6,3,1,11,2,0,0,0,0,11,0,0,0,0,0,0,0,0,0,0,0,0,0,0,0,0,0,0,0,0,0,0,0,0,0,0,0,0,0,0,0,0,0
/visualphpunit/app/controller/FileList.php,55,Small,2,0,0,0,1,0,0,0,0,0,0,0,0,0,0,0,0,0,0,0,0,0,0,0,0,0,0,0,0,0,0,0,0,0,0,0,0,0,0,0,0,0,0
/lib/visualphpunit/app/controller/Graph.php,160,Medium,1,0,0,0,0,0,0,0,0,0,0,0,0,0,0,0,0,0,0,0,0,0,0,0,0,0,0,0,0,0,0,0,0,0,0,0,0,0,0,0,0,0,0
tests/lib/visualphpunit/app/controller/Home.php,211,Medium,8,0,0,0,1,0,0,0,0,0,0,0,0,0,0,0,0,0,0,0,0,0,0,0,0,0,0,0,0,0,0,0,0,0,0,0,0,0,0,0,0,0,0
tests/lib/visualphpunit/app/lib/VPU.php,585,Large,8,0,0,0,0,0,0,0,0,0,0,0,0,0,0,0,0,0,0,0,0,0,0,0,0,0,0,0,0,0,0,0,0,0,0,0,0,0,0,0,0,0,0
tests/lib/visualphpunit/nx/core/Request.php,147,Medium,1,0,0,0,0,0,0,0,0,0,0,0,0,0,0,0,0,0,0,0,0,0,0,0,0,0,0,0,0,0,0,0,0,0,0,0,0,0,0,0,0,0,0
tests/lib/visualphpunit/nx/core/Router.php,39,Small,1,0,0,0,3,0,0,0,0,0,0,0,0,0,0,0,0,0,0,0,0,0,0,0,0,0,0,0,0,0,0,0,0,0,0,0,0,0,0,0,0,0,0
core/API/Proxy.php,17,Small,50,17,4,914,10,0,65,0,0,34,0,0,0,791,0,0,0,0,0,0,0,0,0,0,0,0,24,0,0,0,0,0,0,0,0,0,0,0,0,0,0,0,0
core/API/Request.php,147,Medium,38,14,4,705,5,0,0,0,0,187,143,0,0,0,60,0,0,0,0,0,0,0,0,0,0,0,0,0,315,0,0,0,0,0,0,0,0,0,0,0,0,0,0
core/ArchiveProcessor/Rules.php,307,Large,33,9,4,210,5,0,0,0,0,121,35,0,0,24,30,0,0,0,0,0,0,0,0,0,0,0,0,0,0,0,0,0,0,0,0,0,0,0,0,0,0,0,0
core/CronArchive.php,1987,Large,132,31,7,892,12,0,0,0,0,57,169,0,0,0,63,107,298,50,0,0,0,0,0,0,148,0,0,0,0,0,0,0,0,0,0,0,0,0,0,0,0,0,0
core/DataAccess/ArchiveSelector.php,371,Large,32,7,3,209,5,0,0,0,0,97,56,0,0,0,56,0,0,0,0,0,0,0,0,0,0,0,0,0,0,0,0,0,0,0,0,0,0,0,0,0,0,0,0
core/DataArray.php,76,Medium,10,2,1,61,1,0,0,0,0,0,61,0,0,0,0,0,0,0,0,0,0,0,0,0,0,0,0,0,0,0,0,0,0,0,0,0,0,0,0,0,0,0,0
core/DataTable/Map.php,529,Large,4,1,1,91,1,0,0,0,0,91,0,0,0,0,0,0,0,0,0,0,0,0,0,0,0,0,0,0,0,0,0,0,0,0,0,0,0,0,0,0,0,0,0
core/DataTable/Renderer/Json.php,111,Medium,28,11,6,354,6,171,13,45,65,15,0,0,0,0,0,0,0,0,0,0,0,0,0,0,0,0,0,0,45,0,0,0,0,0,0,0,0,0,0,0,0,0,0
core/Db.php,286,Medium,28,6,4,231,6,0,0,0,0,97,73,0,0,0,0,51,0,10,0,0,0,0,0,0,0,0,0,0,0,0,0,0,0,0,0,0,0,0,0,0,0,0,0
core/Db/BatchInsert.php,98,Medium,12,1,1,54,2,0,0,0,0,0,0,0,0,0,0,0,0,0,54,0,0,0,0,0,0,0,0,0,0,0,0,0,0,0,0,0,0,0,0,0,0,0,0
core/Error.php,226,Medium,11,5,2,102,3,0,0,0,0,0,5,0,0,0,97,0,0,0,0,0,0,0,0,0,0,0,0,0,0,0,0,0,0,0,0,0,0,0,0,0,0,0,0
core/EventDispatcher.php,204,Medium,16,8,4,259,5,0,0,0,0,28,29,0,0,0,0,51,151,0,0,0,0,0,0,0,0,0,0,0,0,0,0,0,0,0,0,0,0,0,0,0,0,0,0
core/Filechecks.php,224,Medium,28,2,2,37,2,0,0,0,0,21,16,0,0,0,0,0,0,0,0,0,0,0,0,0,0,0,0,0,0,0,0,0,0,0,0,0,0,0,0,0,0,0,0
core/MetricsFormatter.php,76,Medium,1,0,0,0,0,0,0,0,0,0,0,0,0,0,0,0,0,0,0,0,0,0,0,0,0,0,0,0,0,0,0,0,0,0,0,0,0,0,0,0,0,0,0
core/Plugin/API.php,171,Medium,2,0,0,0,2,0,0,0,0,0,0,0,0,0,0,0,0,0,0,0,0,0,0,0,0,0,0,0,0,0,0,0,0,0,0,0,0,0,0,0,0,0,0
core/Plugin/ConsoleCommand.php,46,Small,0,0,0,0,1,0,0,0,0,0,0,0,0,0,0,0,0,0,0,0,0,0,0,0,0,0,0,0,0,0,0,0,0,0,0,0,0,0,0,0,0,0,0
core/Plugin/Controller.php,73,Medium,52,7,6,519,7,0,0,0,0,125,83,0,0,62,0,0,0,0,0,0,77,0,0,0,138,0,0,0,34,0,0,0,0,0,0,0,0,0,0,0,0,0,0
core/Plugin/Manager.php,298,Medium,114,20,6,410,8,0,0,0,0,10,131,0,0,0,34,106,93,0,0,0,0,0,0,0,0,0,36,0,0,0,0,0,0,0,0,0,0,0,0,0,0,0,0
core/Plugin/Visualization.php,787,Large,34,11,3,477,9,0,0,0,0,260,0,0,0,0,65,0,0,0,0,0,0,0,0,0,0,0,0,0,152,0,0,0,0,0,0,0,0,0,0,0,0,0,0
core/Profiler.php,471,Large,14,3,3,220,3,0,0,0,0,103,0,0,0,0,0,12,105,0,0,0,0,0,0,0,0,0,0,0,0,0,0,0,0,0,0,0,0,0,0,0,0,0,0
core/ProxyHttp.php,278,Medium,4,1,1,42,3,0,0,0,0,0,42,0,0,0,0,0,0,0,0,0,0,0,0,0,0,0,0,0,0,0,0,0,0,0,0,0,0,0,0,0,0,0,0
core/Tracker/ActionSiteSearch.php,300,Large,6,2,1,116,1,0,0,0,0,116,0,0,0,0,0,0,0,0,0,0,0,0,0,0,0,0,0,0,0,0,0,0,0,0,0,0,0,0,0,0,0,0,0
core/Tracker/Referrer.php,17,Small,4,2,1,270,1,0,0,0,0,270,0,0,0,0,0,0,0,0,0,0,0,0,0,0,0,0,0,0,0,0,0,0,0,0,0,0,0,0,0,0,0,0,0
core/Tracker/Request.php,147,Medium,34,11,5,491,7,0,0,0,0,191,13,0,0,138,20,0,0,0,0,0,0,0,0,0,129,0,0,0,0,0,0,0,0,0,0,0,0,0,0,0,0,0,0
core/Tracker/VisitExcluded.php,367,Large,25,3,1,105,2,0,0,0,0,105,0,0,0,0,0,0,0,0,0,0,0,0,0,0,0,0,0,0,0,0,0,0,0,0,0,0,0,0,0,0,0,0,0
core/Translate/Validate/CoreTranslations.php,88,Medium,2,1,1,33,3,0,0,0,0,33,0,0,0,0,0,0,0,0,0,0,0,0,0,0,0,0,0,0,0,0,0,0,0,0,0,0,0,0,0,0,0,0,0
core/Twig.php,576,Large,51,25,3,190,9,0,0,0,0,77,0,0,0,0,47,0,0,0,0,0,0,0,0,0,0,0,66,0,0,0,0,0,0,0,0,0,0,0,0,0,0,0,0
core/UrlHelper.php,347,Large,3,0,0,0,0,0,0,0,0,0,0,0,0,0,0,0,0,0,0,0,0,0,0,0,0,0,0,0,0,0,0,0,0,0,0,0,0,0,0,0,0,0,0
core/ViewDataTable/Factory.php,233,Medium,15,4,2,53,5,0,0,0,0,18,0,0,0,0,35,0,0,0,0,0,0,0,0,0,0,0,0,0,0,0,0,0,0,0,0,0,0,0,0,0,0,0,0
core/ViewDataTable/Manager.php,298,Medium,2,3,3,395,4,0,0,0,0,0,0,0,0,0,0,125,126,0,0,0,0,0,0,0,0,0,0,0,144,0,0,0,0,0,0,0,0,0,0,0,0,0,0
libs/HTML/QuickForm2/Renderer.php,367,Large,0,0,0,0,0,0,0,0,0,0,0,0,0,0,0,0,0,0,0,0,0,0,0,0,0,0,0,0,0,0,0,0,0,0,0,0,0,0,0,0,0,0,0
libs/PclZip/pclzip.lib.php,5694,Large,1,0,0,0,1,0,0,0,0,0,0,0,0,0,0,0,0,0,0,0,0,0,0,0,0,0,0,0,0,0,0,0,0,0,0,0,0,0,0,0,0,0,0
libs/spyc.php,1045,Large,0,0,0,0,0,0,0,0,0,0,0,0,0,0,0,0,0,0,0,0,0,0,0,0,0,0,0,0,0,0,0,0,0,0,0,0,0,0,0,0,0,0,0
plugins/API/ProcessedReport.php,856,Large,28,7,4,259,4,0,0,0,0,71,48,0,0,0,54,0,0,0,0,0,0,0,0,0,0,0,0,0,86,0,0,0,0,0,0,0,0,0,0,0,0,0,0
plugins/API/RowEvolution.php,377,Large,13,3,3,293,2,0,0,0,0,113,0,0,0,0,27,0,0,0,0,0,0,0,0,0,0,0,0,0,153,0,0,0,0,0,0,0,0,0,0,0,0,0,0
plugins/CoreAdminHome/Controller.php,73,Medium,49,19,6,341,10,4,0,0,64,115,68,0,0,0,28,0,0,0,0,0,62,0,0,0,0,0,0,0,0,0,0,0,0,0,0,0,0,0,0,0,0,0,0
plugins/CoreConsole/Commands/GitCommit.php,148,Medium,2,0,0,0,0,0,0,0,0,0,0,0,0,0,0,0,0,0,0,0,0,0,0,0,0,0,0,0,0,0,0,0,0,0,0,0,0,0,0,0,0,0,0
plugins/CorePluginsAdmin/Controller.php,73,Medium,78,44,7,12578,13,0,0,0,0,11601,0,0,0,0,0,170,199,0,0,254,0,0,146,0,158,0,50,0,0,0,0,0,0,0,0,0,0,0,0,0,0,0,0
/JqplotDataGenerator/Evolution.php,29,Small,41,6,2,336,3,0,0,0,0,173,0,0,0,0,0,0,0,0,0,0,0,0,0,0,0,0,0,0,163,0,0,0,0,0,0,0,0,0,0,0,0,0,0
plugins/DBStats/DBStats.php,36,Small,16,14,3,665,4,0,0,0,0,605,0,0,0,28,0,0,0,0,0,0,0,0,0,0,0,0,0,0,32,0,0,0,0,0,0,0,0,0,0,0,0,0,0
plugins/Goals/Visualizations/Goals.php,204,Medium,10,0,0,0,0,0,0,0,0,0,0,0,0,0,0,0,0,0,0,0,0,0,0,0,0,0,0,0,0,0,0,0,0,0,0,0,0,0,0,0,0,0,0
/LanguagesManager/Commands/CreatePull.php,233,Medium,21,5,2,70,3,0,0,0,0,0,44,0,0,0,0,0,0,0,26,0,0,0,0,0,0,0,0,0,0,0,0,0,0,0,0,0,0,0,0,0,0,0,0
/Commands/FetchFromOTrance.php,176,Medium,1,0,0,0,0,0,0,0,0,0,0,0,0,0,0,0,0,0,0,0,0,0,0,0,0,0,0,0,0,0,0,0,0,0,0,0,0,0,0,0,0,0,0
/Commands/SetTranslations.php,104,Medium,2,0,0,0,0,0,0,0,0,0,0,0,0,0,0,0,0,0,0,0,0,0,0,0,0,0,0,0,0,0,0,0,0,0,0,0,0,0,0,0,0,0,0
plugins/Live/Visitor.php,338,Large,83,23,7,1573,14,29,0,260,108,1029,0,0,0,0,34,0,0,0,77,0,36,0,0,0,0,0,0,0,0,0,0,0,0,0,0,0,0,0,0,0,0,0,0
plugins/Referrers/Controller.php,73,Medium,47,1,1,106,0,0,0,0,0,0,0,0,0,0,0,0,0,0,0,0,0,0,0,0,0,0,0,0,106,0,0,0,0,0,0,0,0,0,0,0,0,0,0
plugins/Referrers/Referrers.php,132,Medium,6,1,1,106,0,0,0,0,0,0,0,0,0,0,0,0,0,0,0,0,0,0,0,0,0,0,0,0,106,0,0,0,0,0,0,0,0,0,0,0,0,0,0
plugins/ScheduledReports/API.php,171,Medium,73,3,2,567,1,0,0,0,0,543,0,0,0,0,24,0,0,0,0,0,0,0,0,0,0,0,0,0,0,0,0,0,0,0,0,0,0,0,0,0,0,0,0
plugins/ScheduledReports/ScheduledReports.php,639,Large,43,2,2,1114,2,0,0,0,0,0,57,0,0,0,0,0,0,0,0,0,1057,0,0,0,0,0,0,0,0,0,0,0,0,0,0,0,0,0,0,0,0,0,0
plugins/SitesManager/Controller.php,73,Medium,38,6,4,523,6,0,14,23,0,19,0,0,0,0,0,467,0,0,0,0,0,0,0,0,0,0,0,0,0,0,0,0,0,0,0,0,0,0,0,0,0,0,0
plugins/UserSettings/UserSettings.php,80,Medium,23,15,4,404,6,110,0,48,0,191,0,0,0,0,55,0,0,0,0,0,0,0,0,0,0,0,0,0,0,0,0,0,0,0,0,0,0,0,0,0,0,0,0
plugins/UsersManager/API.php,171,Medium,66,10,7,1059,7,13,0,0,0,100,87,0,0,0,142,0,0,0,0,0,0,0,0,0,300,0,359,58,0,0,0,0,0,0,0,0,0,0,0,0,0,0,0
tests/PHPUnit/BaseFixture.php,856,Large,15,12,2,393,4,0,0,0,0,354,39,0,0,0,0,0,0,0,0,0,0,0,0,0,0,0,0,0,0,0,0,0,0,0,0,0,0,0,0,0,0,0,0
tests/PHPUnit/Core/TaskSchedulerTest.php,413,Large,13,8,2,93,4,0,0,0,0,29,64,0,0,0,0,0,0,0,0,0,0,0,0,0,0,0,0,0,0,0,0,0,0,0,0,0,0,0,0,0,0,0,0
/Translate/Filter/ByBaseTranslationsTest.php,413,Large,0,0,0,0,0,0,0,0,0,0,0,0,0,0,0,0,0,0,0,0,0,0,0,0,0,0,0,0,0,0,0,0,0,0,0,0,0,0,0,0,0,0,0
/Filter/UnnecassaryWhitespacesTest.php,158,Medium,0,0,0,0,0,0,0,0,0,0,0,0,0,0,0,0,0,0,0,0,0,0,0,0,0,0,0,0,0,0,0,0,0,0,0,0,0,0,0,0,0,0,0
tests/PHPUnit/Core/Translate/WriterTest.php,267,Medium,1,1,1,193,1,0,0,0,0,193,0,0,0,0,0,0,0,0,0,0,0,0,0,0,0,0,0,0,0,0,0,0,0,0,0,0,0,0,0,0,0,0,0
tests/PHPUnit/Fixtures/InvalidVisits.php,113,Medium,4,3,2,84,2,0,0,0,0,73,0,0,0,11,0,0,0,0,0,0,0,0,0,0,0,0,0,0,0,0,0,0,0,0,0,0,0,0,0,0,0,0,0
/ManySitesImportedLogsWithXssAttempts.php,122,Medium,28,12,3,69,7,0,0,0,0,10,39,0,0,20,0,0,0,0,0,0,0,0,0,0,0,0,0,0,0,0,0,0,0,0,0,0,0,0,0,0,0,0,0
tests/PHPUnit/Fixtures/ManyVisitsWithGeoIP.php,258,Medium,25,2,2,345,2,0,0,0,0,335,0,0,0,10,0,0,0,0,0,0,0,0,0,0,0,0,0,0,0,0,0,0,0,0,0,0,0,0,0,0,0,0,0
tests/PHPUnit/Fixtures/OneVisitorTwoVisits.php,180,Medium,4,1,1,9,1,0,0,0,0,0,0,0,0,9,0,0,0,0,0,0,0,0,0,0,0,0,0,0,0,0,0,0,0,0,0,0,0,0,0,0,0,0,0
/TwoSitesEcommerceOrderWithItems.php,213,Medium,4,1,1,16,1,0,0,0,0,0,0,0,0,16,0,0,0,0,0,0,0,0,0,0,0,0,0,0,0,0,0,0,0,0,0,0,0,0,0,0,0,0,0
/Integration/Core/AccessTest.php,413,Large,4,1,1,7,1,0,0,0,0,0,0,0,0,7,0,0,0,0,0,0,0,0,0,0,0,0,0,0,0,0,0,0,0,0,0,0,0,0,0,0,0,0,0
/Core/ArchiveProcessingTest.php,413,Large,35,21,2,323,7,0,0,0,137,186,0,0,0,0,0,0,0,0,0,0,0,0,0,0,0,0,0,0,0,0,0,0,0,0,0,0,0,0,0,0,0,0,0
/Integration/Core/Plugin/SettingsTest.php,413,Large,7,2,2,71,2,0,0,0,0,51,20,0,0,0,0,0,0,0,0,0,0,0,0,0,0,0,0,0,0,0,0,0,0,0,0,0,0,0,0,0,0,0,0
/Integration/Core/Tracker/ActionTest.php,413,Large,3,0,0,0,0,0,0,0,0,0,0,0,0,0,0,0,0,0,0,0,0,0,0,0,0,0,0,0,0,0,0,0,0,0,0,0,0,0,0,0,0,0,0
/Integration/OneVisitorTwoVisitsTest.php,413,Large,12,5,2,31,2,0,0,0,10,21,0,0,0,0,0,0,0,0,0,0,0,0,0,0,0,0,0,0,0,0,0,0,0,0,0,0,0,0,0,0,0,0,0
/Integration/Plugins/LoginTest.php,413,Large,4,0,0,0,0,0,0,0,0,0,0,0,0,0,0,0,0,0,0,0,0,0,0,0,0,0,0,0,0,0,0,0,0,0,0,0,0,0,0,0,0,0,0
/Plugins/ScheduledReportsTest.php,413,Large,5,0,0,0,0,0,0,0,0,0,0,0,0,0,0,0,0,0,0,0,0,0,0,0,0,0,0,0,0,0,0,0,0,0,0,0,0,0,0,0,0,0,0
/Integration/Plugins/SegmentEditorTest.php,413,Large,2,0,0,0,0,0,0,0,0,0,0,0,0,0,0,0,0,0,0,0,0,0,0,0,0,0,0,0,0,0,0,0,0,0,0,0,0,0,0,0,0,0,0
/Integration/Plugins/SitesManagerTest.php,413,Large,2,0,0,0,0,0,0,0,0,0,0,0,0,0,0,0,0,0,0,0,0,0,0,0,0,0,0,0,0,0,0,0,0,0,0,0,0,0,0,0,0,0,0
/Integration/Plugins/UsersManagerTest.php,919,Large,4,0,0,0,0,0,0,0,0,0,0,0,0,0,0,0,0,0,0,0,0,0,0,0,0,0,0,0,0,0,0,0,0,0,0,0,0,0,0,0,0,0,0
/PrivacyManagerTest.php,413,Large,28,13,3,128,6,0,0,0,15,41,72,0,0,0,0,0,0,0,0,0,0,0,0,0,0,0,0,0,0,0,0,0,0,0,0,0,0,0,0,0,0,0,0
tests/PHPUnit/Integration/RowEvolutionTest.php,413,Large,10,5,2,113,2,0,0,0,68,45,0,0,0,0,0,0,0,0,0,0,0,0,0,0,0,0,0,0,0,0,0,0,0,0,0,0,0,0,0,0,0,0,0
tests/PHPUnit/UITest.php,398,Large,23,13,2,178,3,0,0,0,0,161,17,0,0,0,0,0,0,0,0,0,0,0,0,0,0,0,0,0,0,0,0,0,0,0,0,0,0,0,0,0,0,0,0
core/AssetManager.php,298,Medium,97,14,3,320,6,261,0,29,0,30,0,0,0,0,0,0,0,0,0,0,0,0,0,0,0,0,0,0,0,0,0,0,0,0,0,0,0,0,0,0,0,0,0
core/CliMulti.php,455,Large,27,12,3,335,6,0,0,0,0,0,155,0,0,0,0,120,60,0,0,0,0,0,0,0,0,0,0,0,0,0,0,0,0,0,0,0,0,0,0,0,0,0,0
core/Console.php,34,Small,12,7,4,101,6,0,0,0,0,0,8,0,0,10,0,41,42,0,0,0,0,0,0,0,0,0,0,0,0,0,0,0,0,0,0,0,0,0,0,0,0,0,0
core/Plugin/Dependency.php,170,Medium,5,0,0,0,0,0,0,0,0,0,0,0,0,0,0,0,0,0,0,0,0,0,0,0,0,0,0,0,0,0,0,0,0,0,0,0,0,0,0,0,0,0,0
core/Singleton.php,74,Medium,2,0,0,0,0,0,0,0,0,0,0,0,0,0,0,0,0,0,0,0,0,0,0,0,0,0,0,0,0,0,0,0,0,0,0,0,0,0,0,0,0,0,0
core/Updates/0.6.3.php,57,Small,9,1,1,569,1,0,0,0,0,569,0,0,0,0,0,0,0,0,0,0,0,0,0,0,0,0,0,0,0,0,0,0,0,0,0,0,0,0,0,0,0,0,0
plugins/Annotations/AnnotationList.php,457,Large,4,2,2,174,0,0,0,0,54,0,0,0,0,0,0,0,0,0,0,0,0,0,0,0,120,0,0,0,0,0,0,0,0,0,0,0,0,0,0,0,0,0,0
plugins/CoreConsole/Commands/SetupFixture.php,256,Medium,3,2,2,219,2,0,0,0,0,0,42,0,177,0,0,0,0,0,0,0,0,0,0,0,0,0,0,0,0,0,0,0,0,0,0,0,0,0,0,0,0,0,0
/Commands/SyncUITestScreenshots.php,108,Medium,0,0,0,0,0,0,0,0,0,0,0,0,0,0,0,0,0,0,0,0,0,0,0,0,0,0,0,0,0,0,0,0,0,0,0,0,0,0,0,0,0,0,0
plugins/CoreUpdater/CoreUpdater.php,325,Large,10,1,1,176,1,0,0,0,0,176,0,0,0,0,0,0,0,0,0,0,0,0,0,0,0,0,0,0,0,0,0,0,0,0,0,0,0,0,0,0,0,0,0
plugins/CustomVariables/tests/ModelTest.php,413,Large,2,0,0,0,0,0,0,0,0,0,0,0,0,0,0,0,0,0,0,0,0,0,0,0,0,0,0,0,0,0,0,0,0,0,0,0,0,0,0,0,0,0,0
plugins/DevicesDetection/Controller.php,73,Medium,3,1,1,161,1,0,0,0,0,161,0,0,0,0,0,0,0,0,0,0,0,0,0,0,0,0,0,0,0,0,0,0,0,0,0,0,0,0,0,0,0,0,0
plugins/Insights/API.php,171,Medium,2,2,2,154,1,0,0,0,0,0,145,0,0,0,0,0,0,0,0,0,0,0,0,0,0,0,9,0,0,0,0,0,0,0,0,0,0,0,0,0,0,0,0
plugins/Insights/DataTable/Filter/OrderBy.php,91,Medium,1,1,1,145,0,0,0,0,0,0,145,0,0,0,0,0,0,0,0,0,0,0,0,0,0,0,0,0,0,0,0,0,0,0,0,0,0,0,0,0,0,0,0
plugins/Insights/InsightReport.php,288,Medium,1,0,0,0,0,0,0,0,0,0,0,0,0,0,0,0,0,0,0,0,0,0,0,0,0,0,0,0,0,0,0,0,0,0,0,0,0,0,0,0,0,0,0
plugins/Insights/tests/ApiTest.php,413,Large,1,0,0,0,0,0,0,0,0,0,0,0,0,0,0,0,0,0,0,0,0,0,0,0,0,0,0,0,0,0,0,0,0,0,0,0,0,0,0,0,0,0,0
plugins/Insights/tests/InsightReportTest.php,413,Large,0,0,0,0,0,0,0,0,0,0,0,0,0,0,0,0,0,0,0,0,0,0,0,0,0,0,0,0,0,0,0,0,0,0,0,0,0,0,0,0,0,0,0
plugins/Insights/tests/ModelTest.php,413,Large,0,0,0,0,0,0,0,0,0,0,0,0,0,0,0,0,0,0,0,0,0,0,0,0,0,0,0,0,0,0,0,0,0,0,0,0,0,0,0,0,0,0,0
plugins/Installation/SystemCheck.php,337,Large,4,2,1,394,1,0,0,0,0,0,0,0,0,0,394,0,0,0,0,0,0,0,0,0,0,0,0,0,0,0,0,0,0,0,0,0,0,0,0,0,0,0,0
/LanguagesManager/Commands/CompareKeys.php,109,Medium,0,0,0,0,0,0,0,0,0,0,0,0,0,0,0,0,0,0,0,0,0,0,0,0,0,0,0,0,0,0,0,0,0,0,0,0,0,0,0,0,0,0,0
plugins/LanguagesManager/Commands/Update.php,255,Medium,8,5,3,216,5,0,0,0,0,0,0,0,0,0,0,150,47,0,0,0,0,0,0,0,0,0,19,0,0,0,0,0,0,0,0,0,0,0,0,0,0,0,0
/SegmentEditor/SegmentSelectorControl.php,145,Medium,9,2,1,34,1,0,0,0,0,0,34,0,0,0,0,0,0,0,0,0,0,0,0,0,0,0,0,0,0,0,0,0,0,0,0,0,0,0,0,0,0,0,0
tests/PHPUnit/Core/AssetManagerTest.php,413,Large,6,3,1,756,0,0,0,0,0,0,756,0,0,0,0,0,0,0,0,0,0,0,0,0,0,0,0,0,0,0,0,0,0,0,0,0,0,0,0,0,0,0,0
tests/PHPUnit/Core/CliMulti/OutputTest.php,413,Large,0,0,0,0,0,0,0,0,0,0,0,0,0,0,0,0,0,0,0,0,0,0,0,0,0,0,0,0,0,0,0,0,0,0,0,0,0,0,0,0,0,0,0
tests/PHPUnit/Core/DependencyTest.php,413,Large,0,0,0,0,0,0,0,0,0,0,0,0,0,0,0,0,0,0,0,0,0,0,0,0,0,0,0,0,0,0,0,0,0,0,0,0,0,0,0,0,0,0,0
tests/PHPUnit/Fixtures/OmniFixture.php,119,Medium,12,6,2,38,2,0,0,0,0,0,22,0,0,16,0,0,0,0,0,0,0,0,0,0,0,0,0,0,0,0,0,0,0,0,0,0,0,0,0,0,0,0,0
tests/PHPUnit/Fixtures/UITestFixture.php,302,Large,28,9,2,77,3,0,0,0,0,0,55,0,0,22,0,0,0,0,0,0,0,0,0,0,0,0,0,0,0,0,0,0,0,0,0,0,0,0,0,0,0,0,0
tests/PHPUnit/Integration/Core/AccessTest.php,413,Large,4,1,1,7,1,0,0,0,0,0,0,0,0,7,0,0,0,0,0,0,0,0,0,0,0,0,0,0,0,0,0,0,0,0,0,0,0,0,0,0,0,0,0
/Integration/Core/ArchiveProcessingTest.php,413,Large,7,0,0,0,0,0,0,0,0,0,0,0,0,0,0,0,0,0,0,0,0,0,0,0,0,0,0,0,0,0,0,0,0,0,0,0,0,0,0,0,0,0,0
tests/PHPUnit/Integration/Core/CliMultiTest.php,413,Large,4,1,1,21,1,0,0,0,0,0,21,0,0,0,0,0,0,0,0,0,0,0,0,0,0,0,0,0,0,0,0,0,0,0,0,0,0,0,0,0,0,0,0
/Integration/Core/SegmentTest.php,413,Large,3,0,0,0,0,0,0,0,0,0,0,0,0,0,0,0,0,0,0,0,0,0,0,0,0,0,0,0,0,0,0,0,0,0,0,0,0,0,0,0,0,0,0
tests/PHPUnit/Integration/Plugins/LoginTest.php,413,Large,4,0,0,0,0,0,0,0,0,0,0,0,0,0,0,0,0,0,0,0,0,0,0,0,0,0,0,0,0,0,0,0,0,0,0,0,0,0,0,0,0,0,0
/PHPUnit/Integration/PrivacyManagerTest.php,413,Large,2,1,1,60,1,0,0,0,0,0,60,0,0,0,0,0,0,0,0,0,0,0,0,0,0,0,0,0,0,0,0,0,0,0,0,0,0,0,0,0,0,0,0
tests/PHPUnit/TestingEnvironment.php,269,Medium,61,42,5,341,9,0,0,0,0,19,139,0,43,0,0,69,71,0,0,0,0,0,0,0,0,0,0,0,0,0,0,0,0,0,0,0,0,0,0,0,0,0,0
core/Tracker/Settings.php,126,Medium,12,1,1,30,1,0,0,0,0,0,0,30,0,0,0,0,0,0,0,0,0,0,0,0,0,0,0,0,0,0,0,0,0,0,0,0,0,0,0,0,0,0,0
core/API/DataTableGenericFilter.php,84,Medium,33,8,4,88,5,0,0,14,10,0,0,0,0,0,48,16,0,0,0,0,0,0,0,0,0,0,0,0,0,0,0,0,0,0,0,0,0,0,0,0,0,0,0
core/Db/Schema/Mysql.php,270,Medium,17,2,1,9,1,0,0,0,0,0,0,0,0,0,0,0,0,0,0,0,0,0,0,0,9,0,0,0,0,0,0,0,0,0,0,0,0,0,0,0,0,0,0
tests/PHPUnit/Fixture.php,856,Large,33,24,2,101,5,0,0,0,0,0,36,0,65,0,0,0,0,0,0,0,0,0,0,0,0,0,0,0,0,0,0,0,0,0,0,0,0,0,0,0,0,0,0
tests/PHPUnit/Integration/Core/SegmentTest.php,413,Large,3,0,0,0,0,0,0,0,0,0,0,0,0,0,0,0,0,0,0,0,0,0,0,0,0,0,0,0,0,0,0,0,0,0,0,0,0,0,0,0,0,0,0
tests/PHPUnit/Integration/LabelFilterTest.php,413,Large,4,2,1,97,1,0,0,0,97,0,0,0,0,0,0,0,0,0,0,0,0,0,0,0,0,0,0,0,0,0,0,0,0,0,0,0,0,0,0,0,0,0,0
tests/PHPUnit/Integration/AccessTest.php,413,Large,16,4,4,188,3,0,0,0,0,0,0,0,0,54,0,43,44,0,0,0,0,0,0,0,47,0,0,0,0,0,0,0,0,0,0,0,0,0,0,0,0,0,0
tests/PHPUnit/Unit/DateTest.php,413,Large,2,1,1,28,1,0,0,0,0,0,0,0,0,0,28,0,0,0,0,0,0,0,0,0,0,0,0,0,0,0,0,0,0,0,0,0,0,0,0,0,0,0,0
core/Updater.php,325,Large,37,4,2,55,2,0,0,0,0,9,0,0,0,0,0,0,0,0,0,0,0,0,0,0,0,0,46,0,0,0,0,0,0,0,0,0,0,0,0,0,0,0,0
plugins/CoreUpdater/Commands/Update.php,255,Medium,10,0,0,0,0,0,0,0,0,0,0,0,0,0,0,0,0,0,0,0,0,0,0,0,0,0,0,0,0,0,0,0,0,0,0,0,0,0,0,0,0,0,0
plugins/CoreUpdater/Updater.php,325,Large,7,0,0,0,0,0,0,0,0,0,0,0,0,0,0,0,0,0,0,0,0,0,0,0,0,0,0,0,0,0,0,0,0,0,0,0,0,0,0,0,0,0,0
plugins/Widgetize/tests/System/WidgetTest.php,851,Large,8,1,1,41,1,0,0,0,0,0,0,0,0,0,0,0,0,0,41,0,0,0,0,0,0,0,0,0,0,0,0,0,0,0,0,0,0,0,0,0,0,0,0
/Integration/ReleaseCheckListTest.php,413,Large,17,3,2,405,1,0,0,0,0,0,0,0,0,0,30,0,0,0,0,0,0,0,0,375,0,0,0,0,0,0,0,0,0,0,0,0,0,0,0,0,0,0,0
plugins/CoreHome/CoreHome.php,211,Medium,31,11,9,806,8,0,37,0,13,465,94,0,0,30,0,0,0,29,0,0,0,50,0,0,21,0,0,0,67,0,0,0,0,0,0,0,0,0,0,0,0,0,0
plugins/GeoIp2/LocationProvider/GeoIp2/Php.php,388,Large,1,0,0,0,0,0,0,0,0,0,0,0,0,0,0,0,0,0,0,0,0,0,0,0,0,0,0,0,0,0,0,0,0,0,0,0,0,0,0,0,0,0,0
plugins/Live/Model.php,505,Large,38,8,4,664,5,0,0,0,0,0,0,0,0,0,0,221,0,0,0,0,263,0,0,27,0,0,0,0,153,0,0,0,0,0,0,0,0,0,0,0,0,0,0
plugins/SEO/Metric/DomainAge.php,139,Medium,7,0,0,0,0,0,0,0,0,0,0,0,0,0,0,0,0,0,0,0,0,0,0,0,0,0,0,0,0,0,0,0,0,0,0,0,0,0,0,0,0,0,0
plugins/UserCountryMap/Controller.php,73,Medium,65,32,3,500,11,0,0,0,0,52,0,0,0,0,0,0,0,0,43,0,0,0,0,405,0,0,0,0,0,0,0,0,0,0,0,0,0,0,0,0,0,0,0
plugins/Intl/Commands/GenerateIntl.php,594,Large,1,1,1,31,1,0,0,0,0,0,0,0,0,0,0,0,0,31,0,0,0,0,0,0,0,0,0,0,0,0,0,0,0,0,0,0,0,0,0,0,0,0,0
plugins/Tour/Tour.php,144,Medium,1,0,0,0,0,0,0,0,0,0,0,0,0,0,0,0,0,0,0,0,0,0,0,0,0,0,0,0,0,0,0,0,0,0,0,0,0,0,0,0,0,0,0
core/Archive/ArchiveInvalidator.php,362,Large,14,3,1,184,3,0,0,0,0,0,0,0,0,0,0,0,0,184,0,0,0,0,0,0,0,0,0,0,0,0,0,0,0,0,0,0,0,0,0,0,0,0,0
core/CliMulti/Process.php,266,Medium,26,12,4,148,7,0,0,0,0,0,52,0,0,31,0,31,34,0,0,0,0,0,0,0,0,0,0,0,0,0,0,0,0,0,0,0,0,0,0,0,0,0,0
core/Tracker/Db/Pdo/Mysql.php,404,Large,20,5,4,586,3,0,0,107,0,403,0,0,0,16,0,0,0,0,0,0,0,0,0,60,0,0,0,0,0,0,0,0,0,0,0,0,0,0,0,0,0,0,0